"","V2","V3","V4","V5","V6","V7","V8","V9","V10","V11","V12","V13","V14","V15","V16","V17","V18","V19","V20","V21","V22","V23","V24","V25","V26","V27","V28","V29","V30","V31","V32","V33","V34","V35","V36","V37","V38","V39","V40","V41","V42","V43","V44","V45","V46","V47","V48","V49","V50","V51","V52","V53","V54","V55","V56","V57","V58","V59","V60","V61","V62","V63","V64","V65","V66","V67","V68","V69","V70","V71","V72","V73","V74","V75","V76","V77","V78","V79","V80","V81","V82","V83","V84","V85","V86","V87","V88","V89","V90","V91","V92","V93","V94","V95","V96","V97","V98","V99","V100","V101","V102","V103","V104"
"2","0.0812644","-0.00861206","-0.0138976","-0.0147364","-0.0142057","-0.0128603","-0.0139222","-0.0135179","0.0850399","0.0869962","-0.0137871","-0.0135986","0.0804579","-0.0142131","-0.0149263","-0.014141","0.0903928","-0.00757888","0.0879302","-0.0141941","-0.0128489","-0.0130991","-0.0145119","-0.0126493","-0.0131531","-0.013867","-0.0140729","-0.0137033","-0.00385252","-0.0137982","-0.01417","-0.0137982","-0.0155832","-0.0136657","-0.0129072","-0.014002","-0.0141476","-0.0136464","-0.0137821","-0.0137958","-0.0137697","-0.014273","-0.0116171","-0.0146918","-0.014615","-0.0154635","-0.0138502","-0.01303","-0.0145313","-0.0148514","-0.0137045","-0.0106909","-0.0125057","-0.0112703","-0.0131587","-0.0141841","0.0911005","0.0996333","-0.00927739","-0.012584","0.0833455","0.086235","-0.0133707","-0.013952","-0.014909","-0.0127784","-0.0137626","-0.0132205","-0.0142241","-0.0137251","-0.0147156","-0.012261","-0.0145027","-0.0152186","-0.0147593","-0.0138835","-0.0150206","-0.0103288","-0.0137799","0.073906","-0.013464","0.0792168","-0.0126696","-0.0142868","0.039175","-0.00879223","-0.013231","-0.011886","-0.013212","-0.0140442","0.0927424","-0.0134009","-0.0140784","-0.0149766","-0.0149815","-0.0136597","-0.0135279","-0.014445","0.0923066","-0.0141124","-0.00739147","-0.014222","-0.0124762"
"3","-0.0125619","-0.00272441","-0.00380086","-0.00132562","-0.00368341","0.000227404","-0.00554591","-0.00287366","-0.0119557","-0.011972","-0.00243037","-0.00359094","-0.0136014","-0.00939734","-0.00556475","7.57639e-05","-0.0145926","0.00399304","-0.0113906","-0.00714186","-0.00569723","-0.00589589","-0.00391973","-0.00422607","0.000561068","-0.0074366","-0.00306345","-0.00341326","0.0548198","-0.00558056","-0.00275486","-0.00698126","-0.00772269","-0.00756419","0.00193503","-0.00454661","-0.0075786","-0.00490537","0.00204847","-0.0114063","-0.00816585","-0.00625511","-0.000544727","-0.00829839","-0.00571398","-0.00739279","-0.000155805","-0.00695404","-0.00712046","-0.00517667","-0.00524888","-0.0038768","0.00069681","-0.000670196","0.000513017","-0.00602309","-0.0142791","-0.015012","-0.000707296","-0.000977831","-0.015622","-0.0144148","-0.00298445","0.000650401","-0.00480592","-0.00466363","0.00231313","-0.00348572","-0.00860679","-0.00724527","-0.00534717","-0.00512047","-0.00522682","-0.00412899","-0.0058963","-0.000717077","-0.00532746","0.000356661","-0.0074138","-0.00674452","-0.00627696","-0.00703031","-0.00203479","-0.00570589","-0.00954323","-0.00133907","-0.00157861","-0.000404566","-0.00542424","-0.00612483","-0.01145","-0.00465678","-0.00271757","-0.00124213","-0.00500215","-0.000741037","-0.00533761","-0.00691143","-0.00610571","-0.00732525","0.00535579","-0.00270768","-0.00922912"
"4","0.00485877","0.118053","-0.018645","-0.0280367","-0.0130813","-0.0124394","-0.0191298","0.00845124","-0.00682206","-0.00429763","0.0152964","0.0216894","-0.00837146","-0.0245583","-0.018662","-0.0156024","0.00309523","0.156192","-0.00490224","-0.0138945","0.00888721","0.00977423","-0.0205147","0.0153953","-0.00586429","-0.0113178","-0.0204151","-0.033088","-0.00919105","-0.0101492","0.00823269","-0.0243458","-0.0157429","-0.0141886","-0.0167892","0.0261627","-0.0156088","-0.00966955","0.00117111","-0.00230492","-0.0133674","-0.00955803","0.0502218","0.00183639","-0.0183279","-0.00715435","-0.0251212","-0.00816309","-0.0233153","-0.00830564","-0.00236551","0.0687081","0.00137491","0.0649695","0.00896366","-0.0104398","-0.013034","-0.00162415","0.0775535","0.0191039","0.00348362","0.00351234","0.0184476","-0.0208601","-0.0140584","0.0240555","-0.0197039","-0.00248098","-0.00937005","0.00560718","0.000766386","0.00578413","-0.0182936","-0.0167026","-0.0056078","-0.021754","-0.0125179","0.0692322","-0.0092181","-0.00766882","0.00637327","-0.00686746","0.0310479","-0.0122292","-0.000185783","0.129106","-0.0250826","0.0441574","-0.0280268","-0.0238015","-0.0094687","-0.00911199","-0.0274709","-0.00515385","-0.0130207","-0.0419052","-0.00600407","-0.0111046","0.000933908","0.0126417","0.153068","-0.00251457","0.000275589"
"5","-0.00356523","-0.00580373","0.00895533","0.00253854","-0.00536698","0.00223622","0.00238106","0.00226611","0.00340785","-0.00221457","-0.00143826","0.00336559","0.00474378","0.00420801","-0.00175195","0.00997837","0.00447644","-0.0138246","-0.0036257","0.0186245","0.00673066","-0.00442428","0.00326091","0.0118349","-0.00271201","0.00941802","0.00644918","0.0157789","-0.131553","-0.00233039","-0.00767178","0.00582003","0.0049243","0.00528425","0.00267405","-0.00812833","0.00411747","0.0044206","-0.00758694","0.000400744","0.00762242","0.00104239","-0.0102561","0.00589449","-0.00297296","-0.000477919","0.0150656","0.00375384","-0.000778449","0.0121439","0.00642515","-0.00943443","-0.00995392","-0.014542","-0.0173678","0.00313764","0.00432341","-0.000385837","-0.00407656","0.00190744","0.0173839","0.00096328","-0.00243141","0.00797529","-0.000485296","-0.00518405","0.0102079","0.00323382","0.00730535","0.0112244","-0.00508491","-0.0177","0.00550714","0.0152167","0.00894349","0.0119315","-0.000839068","-0.00708796","0.00737138","-0.0014153","0.00142478","-0.0123183","0.00373449","0.00207683","0.00670562","-0.01289","0.00471651","-0.00429333","0.0153216","0.00218296","0.0126116","0.00673094","0.00060536","0.00417895","0.00233546","0.00911859","0.00490644","0.014591","-0.00486207","-0.00633211","-0.0196729","0.013515","0.000416906"
"6","0.0036979","0.0282336","-0.0179623","0.112996","-0.00658639","-0.00931786","-0.0060494","-0.0195962","-0.0139812","-0.00268642","-0.0231669","0.0191593","0.00119142","-0.0303694","-0.0208554","0.028827","0.00210657","0.0241793","0.00541945","-0.0223031","-0.0213109","-0.0122904","-0.0151692","-0.0197495","0.0850124","-0.0438617","0.10069","0.153726","-0.00361364","-0.00267464","-0.0448944","-0.0214053","-0.0197576","-0.0264453","0.116528","-0.000195202","-0.0137545","-0.0232677","-0.030237","0.0135951","0.00748629","-0.0142643","0.00482468","-0.0184644","-0.0207537","0.000474284","0.128349","-0.0231751","0.00796111","-0.0287652","-0.0246014","-0.00942555","0.00872565","0.0264913","-0.00361866","-0.0342193","0.0040215","0.0186061","-0.00509091","0.0100205","-0.00188399","-0.00798785","0.0194984","0.136295","-0.0362562","-0.0113036","0.0901932","-0.0257259","-0.00918968","-0.0165207","-0.022225","-0.0080766","-0.021137","-0.0188719","-0.0189695","0.128277","0.0223081","0.00795701","0.0129927","-0.00196116","-0.00378362","0.0104982","0.0390838","-0.0156488","0.00300457","-0.00483909","0.117247","0.004859","0.0179925","-0.00276627","0.0141299","0.0559643","-0.0292697","-0.00625239","-0.0334588","0.0384276","-0.0229775","-0.00389823","-0.00651051","0.00587462","0.0201458","-0.0171114","-0.0242839"
"7","-0.103790283203125","0.04543087631464","-0.0992707759141922","0.0905000939965248","0.0692665129899979","0.00635785050690174","0.0450674779713154","0.118078127503395","-0.0802662596106529","-0.150293663144112","0.0658140480518341","0.0444527417421341","0.117996752262115","0.0106456447392702","-0.0668788328766823","0.0189974810928106","0.0172063391655684","0.0892970710992813","-0.0138113992288709","-0.00256580580025911","-0.0752964541316032","-0.155185028910637","-0.0742824822664261","-0.0364203602075577","-0.0346043929457664","-0.0100121153518558","-0.023693485185504","-0.00351529917679727","0.118834033608437","0.00253218901343644","-0.023715153336525","-0.0128409378230572","0.0487130992114544","-0.0892075598239899","0.131557106971741","0.00956300273537636","0.0761445611715317","-0.0284225195646286","-0.0172179471701384","0.0209127198904753","0.021570036187768","-0.0139503786340356","0.032752238214016","-0.0264659021049738","-0.0249100159853697","-0.0250581987202168","0.00139136018697172","-0.0200694929808378","-0.0319296307861805","0.0488950833678246","0.0159767512232065","-0.00749359605833888","0.00430905958637595","-0.0573733299970627","0.0336406975984573","-0.0504063367843628","-0.0117916064336896","0.0576124414801598","0.0259000454097986","0.00289779505692422","0.0262872762978077","-0.0596307888627052","-0.111185386776924","0.023556200787425","-0.0375279299914837","-0.0915243551135063","0.00852165184915066","0.128430381417274","0.0924358293414116","0.0424825102090836","0.0698225572705269","-0.0918006598949432","-0.0663777962327003","0.0681523829698563","0.0337736345827579","-0.0293343085795641","-0.03427729383111","-0.0301779117435217","-0.0871512740850449","0.00807460024952888","-0.050211638212204","-0.023786336183548","-0.0196163188666105","-0.033957727253437","0.0469552092254162","-0.0420143082737923","0.131368145346642","-0.029315959662199","-0.0578643567860126","-0.174951016902924","0.0740242302417755","-0.150987476110458","0.0337386503815651","-0.00749859260395169","-0.0547285340726376","0.0115112056955695","0.00262414687313139","0.125773146748543","0.0968045070767403","0.105040244758129","0.0912494584918022","0.0538140721619129","-0.00725554674863815"
"8","-0.0692434459924698","-0.00440170336514711","0.0445784591138363","-0.034232322126627","0.0174486692994833","-0.0630099177360535","0.157236486673355","-0.0378815494477749","0.0507446080446243","-0.0137593317776918","-0.132179692387581","-0.0202082451432943","-0.00390616315416992","0.167112946510315","0.0589508675038815","-0.0335531756281853","-0.0654753297567368","0.0460470654070377","-0.0871806889772415","-0.0324305593967438","-0.0744481980800629","0.0236015245318413","0.0735129937529564","0.0325451530516148","0.0555475428700447","0.0202290937304497","0.0769792795181274","-0.030548145994544","-0.00370935397222638","-0.0987891107797623","0.0761137306690216","0.0264467261731625","0.0234939660876989","0.0745676979422569","-0.0175932068377733","0.00185299722943455","-0.0273149628192186","0.0632285997271538","0.026911087334156","-0.030148359015584","0.0135683566331863","0.0594416782259941","-0.000952117959968746","0.0311243552714586","-0.115931510925293","-0.0387002378702164","0.0221944227814674","0.0042967414483428","-0.00353385764174163","-0.0349305085837841","-0.0178574714809656","0.0641199946403503","-0.00855477154254913","0.033352293074131","-0.100612968206406","-0.0822937190532684","-0.00889594666659832","0.0440640263259411","-0.037237573415041","-0.0532474964857101","-0.0162833277136087","-0.00250704982317984","0.025058101862669","-0.0653090849518776","-0.0448471754789352","0.0451288223266602","0.0261515267193317","0.036154493689537","-0.0256468839943409","0.0566559843719006","-0.154122173786163","0.053074412047863","-0.0659639909863472","0.128288045525551","-0.100356101989746","-0.089462898671627","0.0765307545661926","-0.0950463563203812","0.0568738281726837","0.00564983347430825","-0.0487760417163372","-0.112377814948559","-0.000599168590269983","-0.102447092533112","-0.104954332113266","-0.0406090691685677","0.140591934323311","0.0421704724431038","-0.0292329322546721","0.0139466803520918","0.0859108939766884","0.0497921817004681","-0.0643290430307388","0.0396736301481724","-0.0786978974938393","-0.04586236551404","0.105538479983807","0.128109097480774","-0.0133061669766903","-0.0238247029483318","0.108723171055317","-0.0308065358549356","0.128734663128853"
"9","0.0316033214330673","0.0575522370636463","-0.0317964218556881","0.183153122663498","-0.090250052511692","-0.0292383693158627","-0.079616978764534","-0.100503392517567","0.00966070778667927","-0.00922153610736132","0.0396241508424282","0.0278442911803722","-0.00234080059453845","-0.007572534494102","0.0527056157588959","0.0127265388146043","-0.14328196644783","0.0515281446278095","-0.108370527625084","0.0480298362672329","0.088063657283783","-0.0267032701522112","-0.0467593260109425","0.0022386503405869","0.0545761249959469","-0.119070328772068","0.0150465834885836","-0.0309640858322382","-0.0607736892998219","0.0701209977269173","0.0358891710639","-0.0152127658948302","0.0423372685909271","0.0474417470395565","0.142162665724754","0.0505900047719479","-0.0195748955011368","0.0546156242489815","0.0937449485063553","-0.0101862940937281","-0.0351156517863274","0.0887815877795219","0.0245252661406994","0.0562390238046646","0.0353914722800255","0.0656156316399574","0.0232794787734747","0.0784026980400085","-0.0276878979057074","-0.0461186990141869","0.0702172666788101","0.0175329968333244","0.0427694283425808","0.0224151834845543","0.114863708615303","0.0249362234026194","0.0711822956800461","0.013858980499208","0.0495977066457272","0.058687400072813","0.0649653896689415","-0.00210439134389162","-0.023378312587738","-0.0464817136526108","-0.0035556664224714","0.0154404919594526","0.129223227500916","0.0309747476130724","-0.0514237359166145","0.0356736555695534","0.10463073849678","0.0330402441322803","0.0279397629201412","-0.0624806359410286","0.133345261216164","-0.0534788258373737","0.00958172045648098","0.0528962090611458","-0.0359131656587124","-0.122858062386513","-0.0908772349357605","-0.131798222661018","-0.0425092913210392","-0.174670308828354","-0.115090228617191","0.00650056730955839","0.0146544016897678","-0.0406400486826897","0.0780091434717178","-0.0185365322977304","-0.0248632952570915","-0.0199553836137056","-0.0889621749520302","-0.0149227920919657","-0.139643684029579","-0.00105776928830892","-0.0439492575824261","0.0522144436836243","-0.102576449513435","-0.1149727627635","-0.0539469011127949","-0.112408213317394","-0.0869118347764015"
"10","-0.0500515028834343","-0.000584011373575777","-0.0727460011839867","-0.142829895019531","-0.110247321426868","0.0561152622103691","-0.0359969772398472","-0.0439662113785744","-0.00373454671353102","-0.0814287588000298","-0.0724504068493843","0.0299724936485291","0.0261638313531876","-0.0466430298984051","0.050346702337265","-0.0857759416103363","-0.0502161346375942","-0.0340005122125149","0.0902469679713249","-0.0327877476811409","-0.0242183227092028","-0.142853394150734","0.0768533125519753","0.0265580955892801","-0.0529255978763103","-0.105875968933105","0.106342345476151","0.0938233658671379","-0.0394064970314503","-0.0204433426260948","0.0790684670209885","0.00561166508123279","-0.0852342024445534","0.0182548146694899","0.0648704245686531","0.0146657088771462","0.044762309640646","0.0914475172758102","-0.0265107098966837","-0.069127269089222","0.0691361874341965","0.0117923822253942","0.0279204677790403","0.032679121941328","0.000199919275473803","0.137469813227654","0.0152602670714259","-0.0623631440103054","0.121961563825607","-0.00265240180306137","-0.0108860079199076","0.119367592036724","0.0672494247555733","0.0822546780109406","-0.0512386634945869","-0.0283554382622242","0.0517298579216003","0.0893550142645836","-0.0178645178675652","0.109208360314369","0.0783715546131134","-0.0755684673786163","-0.0344534553587437","-0.0184034798294306","0.0210739728063345","-0.00802066829055548","-0.0397541411221027","-0.0883699581027031","-0.069810152053833","-0.0977379307150841","-0.019804809242487","-0.0362233817577362","-0.0719378665089607","-0.0499643981456757","-0.0764898508787155","0.0521750152111053","-0.0860351249575615","-0.0791771113872528","-0.0017537985695526","0.118104621767998","0.0661404803395271","0.0292688328772783","0.0959339886903763","0.0296170841902494","-0.071018174290657","0.12215780466795","0.0676782503724098","0.121803417801857","0.0595317669212818","-0.0899757146835327","-0.0104127610102296","-0.103656277060509","0.0563353970646858","0.11730582267046","0.0307724494487047","0.125349298119545","-0.0330060459673405","0.0847110822796822","-0.0538775958120823","-0.0186136327683926","-0.0626795813441277","-0.0549467653036118","-0.124634094536304"
"11","-0.0583779402077198","-0.0625209808349609","-0.00065921270288527","0.0280139315873384","-0.00643196329474449","-0.0301343351602554","0.074326828122139","-0.0307073798030615","0.00866508390754461","-0.102201864123344","0.0502544045448303","0.0636214762926102","-0.150089547038078","-0.0231366250663996","-0.0527233593165874","0.094825841486454","-0.0555988326668739","-0.0864666998386383","-0.0046439771540463","0.0712329968810081","0.0706489011645317","-0.0439122132956982","0.0222654640674591","0.0657475516200066","0.00577918626368046","0.164784714579582","-0.0133221382275224","0.00588905857875943","-0.0168640073388815","0.0629397109150887","0.0414790734648705","0.0406245812773705","0.036632414907217","-0.0374183394014835","-0.0432781502604485","-0.10406918078661","-0.162456303834915","0.00606482895091176","0.0580846630036831","0.0310471020638943","0.101590633392334","-0.19591611623764","0.0550410598516464","-0.119445443153381","0.0320807509124279","0.0416544303297997","0.146126881241798","0.00807092525064945","-0.000275399448582903","0.00241255993023515","-0.0689185187220573","-0.0556544400751591","0.0506442598998547","0.0308405552059412","0.079550214111805","0.0880421921610832","-0.126883760094643","-0.0681537166237831","0.00732641108334064","0.0810105949640274","-0.0599237494170666","0.0141821671277285","-0.0818410441279411","-0.0100420145317912","-0.100900985300541","-0.0720251649618149","-0.0672920793294907","0.0229484438896179","-0.0718094408512115","-0.0310406051576138","0.039794459939003","-0.0253814589232206","0.0819215774536133","0.0968253687024117","0.0077843782491982","-0.00241785263642669","0.0870869308710098","-0.0489266142249107","-0.000410109234508127","0.0306653399020433","0.139872118830681","-0.0197240728884935","0.0213032681494951","0.000533523387275636","-0.0896457210183144","0.0215959083288908","0.0120721515268087","0.0672145634889603","0.1200887337327","-0.0883093625307083","-0.115315794944763","0.00170664116740227","-0.0609747804701328","-0.0345070734620094","-0.0870645418763161","0.119854778051376","0.0747110843658447","0.0171342547982931","0.00153302331455052","0.00313983508385718","0.109987191855907","-0.084013432264328","0.0376951806247234"
"12","0.0314235016703606","-0.078570544719696","0.0203806515783072","0.0292498096823692","-0.195928260684013","-0.120391950011253","-0.123512588441372","0.110657386481762","-0.0323596075177193","0.0414391532540321","-0.0354894250631332","-0.138044789433479","0.0740854814648628","-0.103004015982151","-0.000102393991255667","-0.00767403841018677","-0.0521768853068352","0.026405381038785","-0.057725440710783","-0.0841662809252739","-0.0149920275434852","-0.00502534350380301","-0.00268577132374048","-0.00651532597839832","0.0929410755634308","0.229824483394623","0.0507647544145584","0.0743358954787254","0.133055686950684","-0.0355673059821129","0.0404710471630096","0.0285384878516197","0.103854209184647","0.021951150149107","0.0642357096076012","0.0150825753808022","0.0427176244556904","0.0138855222612619","0.0500308349728584","0.000820341403596103","0.131125435233116","-0.100424714386463","-0.00562371592968702","-0.0430605262517929","-0.0209046248346567","-0.0643904283642769","-0.0300509072840214","-0.0256776865571737","0.0614232383668423","-0.0128879714757204","0.122027844190598","0.0108512258157134","0.0174493230879307","0.0328970588743687","-0.077800914645195","0.0186089854687452","-0.00796379800885916","0.141668394207954","0.0784866437315941","-0.0312799550592899","-0.057922251522541","0.0723162069916725","0.0460524335503578","0.104216679930687","-0.0919495597481728","-0.013283982872963","-0.0898641496896744","-0.00338554242625833","0.0517669059336185","0.0600292757153511","-0.150414064526558","0.000930307549424469","0.0726018622517586","-0.130868718028069","0.0392537973821163","-0.0282871052622795","0.0254287291318178","0.0559243969619274","0.0567648969590664","0.0211708378046751","-0.0262975692749023","-0.0629166066646576","0.102724149823189","0.0304094459861517","-0.033397052437067","-0.0236274059861898","-0.0598727948963642","-0.0477552525699139","-0.0440513603389263","-0.00943107903003693","-0.0196400005370378","-0.00405839132145047","-0.0208308454602957","0.0442874506115913","-0.0992813110351562","-0.015043942257762","-0.00710030272603035","0.0218081083148718","0.0889273881912231","0.050657045096159","-0.0648496523499489","-0.105563022196293","-0.112060055136681"
"13","0.16105654835701","-0.0851181074976921","-0.0844779461622238","0.0134161449968815","0.0392837636172771","0.0344307869672775","0.0637708753347397","-0.0791449770331383","-0.0129618374630809","0.0169096384197474","-0.0895238667726517","-0.164419755339622","-0.00880199763923883","0.0825171396136284","-0.0117758633568883","-0.0324715822935104","-0.0206267200410366","0.019683999940753","0.0438590571284294","-0.0100798020139337","0.121594049036503","-0.00312993885017931","-0.112350955605507","-0.0413577705621719","0.0373435206711292","-0.102235965430737","-0.115864813327789","0.0389454625546932","-0.0402395725250244","-0.0608980283141136","-0.0589061863720417","-0.00381554430350661","-0.00763098010793328","-0.0194539278745651","0.0734761282801628","-0.0316964611411095","0.0626132637262344","-0.131598919630051","-0.00732229743152857","0.00343442615121603","-0.0628183409571648","-0.101414136588573","0.0262480992823839","-0.0530171729624271","0.0425137057900429","-0.0273692775517702","-0.102934189140797","0.0478066690266132","0.0947349220514297","0.0694064348936081","0.084997184574604","-0.0649399533867836","0.132000431418419","0.00909124594181776","-0.156955495476723","0.121321588754654","-0.0456188283860683","0.0045894063077867","0.14093653857708","0.0268434565514326","-0.0887311100959778","0.00896613765507936","0.0252941437065601","0.0621256045997143","0.109440922737122","-0.0588383078575134","0.0299666449427605","0.102050147950649","-0.0361958369612694","-0.0281454101204872","-0.133324712514877","-0.0955120101571083","0.0739454180002213","0.111040830612183","-0.0490347146987915","0.158800780773163","-0.0812210217118263","0.0212151370942593","-0.00816119089722633","-0.134127378463745","0.0106646623462439","-0.0452095866203308","0.0104943364858627","0.0386573970317841","-0.00963225308805704","0.0927611365914345","0.0925567448139191","0.06451116502285","0.0337551869452","0.00878016836941242","0.049352265894413","0.0151201747357845","-0.0220808368176222","-0.0237815976142883","-0.00659977737814188","0.0312963649630547","-0.0422124229371548","0.112450398504734","-0.04867909476161","-0.108205959200859","0.0946565791964531","-0.00776946637779474","-0.0049895141273737"
"14","-0.0443255119025707","0.0952873453497887","0.0417455323040485","0.0439596511423588","-0.0941514223814011","-0.0435509495437145","-0.00412924401462078","-0.0367717333137989","0.00349015509709716","-0.0557175017893314","-0.22749450802803","0.0143741723150015","-0.126989528536797","-0.0405848436057568","-0.0583505406975746","0.131978809833527","0.0903493911027908","0.011420932598412","-0.0121489614248276","0.0822362750768661","-0.0567897111177444","-0.0334800444543362","-0.0403626300394535","0.106852672994137","-0.0729969069361687","0.0694121271371841","-0.0273196082562208","-0.0764830261468887","-0.0623950213193893","0.00914145540446043","-0.010597437620163","0.110535942018032","0.116781689226627","-0.066286988556385","0.140820056200027","0.054844006896019","0.0211942009627819","-0.0181366298347712","0.0416955277323723","-0.0216475687921047","-0.0395686216652393","0.0908229127526283","0.0273787640035152","0.0310474894940853","0.00703148823231459","0.0211295560002327","0.0958859995007515","-0.0120992073789239","-0.0879352688789368","0.0358191207051277","0.0911374017596245","-0.00824355240911245","0.0475679188966751","-0.0795510411262512","-0.136246860027313","0.0556080415844917","0.0478877350687981","-3.14099052047823e-05","-0.0547331273555756","0.0158865060657263","0.0579601936042309","-0.0278111081570387","-0.0664347112178802","0.0499363206326962","0.0195959005504847","-0.012883628718555","0.0804998502135277","-0.174821078777313","0.0371783524751663","0.109590135514736","-0.189662858843803","0.0195176936686039","-0.0712280347943306","-0.0311661437153816","-0.0318823456764221","0.114234492182732","0.0395047403872013","0.0966877415776253","-0.0465266555547714","-0.051009863615036","0.113352306187153","0.0953743383288383","-0.148224875330925","-0.0165107436478138","0.0089861024171114","-0.083948977291584","-0.106510408222675","0.0113318813964725","-0.0266713760793209","-0.0341351740062237","-0.0370097979903221","-0.0742920562624931","-0.0669864863157272","0.05073257163167","0.11143171787262","0.0929633229970932","-0.0278098378330469","0.0396723449230194","-0.0253252685070038","-0.00821174960583448","0.0176182799041271","0.0416455864906311","0.0380674451589584"
"15","-0.0670639052987099","-0.0305441040545702","-0.0401879996061325","0.192895546555519","0.0543855130672455","-0.00911860167980194","0.0717095136642456","0.00408849120140076","-0.108961500227451","0.0558747909963131","-0.112934350967407","-0.150230899453163","0.0476070307195187","0.0745871588587761","0.00190802908036858","0.0321467854082584","0.0477448962628841","-0.0295484196394682","-0.0461462438106537","-0.0951672047376633","0.119225196540356","0.0158938020467758","0.0242436863481998","-0.0428063720464706","-0.116728127002716","0.0343572422862053","0.0398688390851021","0.0521297007799149","-0.0816655829548836","0.106128759682178","-0.124312341213226","0.0141221703961492","-0.0148710487410426","-0.0488140508532524","0.121972016990185","-0.0436246916651726","-0.0642640143632889","0.0424820929765701","-0.124831631779671","-0.176468834280968","-0.00636939657852054","0.000698146235663444","-0.0835946872830391","-0.0117135317996144","0.0374836698174477","0.150741592049599","-0.000485112454043701","-0.128009349107742","0.00577612174674869","-0.0437762960791588","0.0427450239658356","-0.00258580571971834","-0.0798859372735023","0.0194657947868109","-0.0661416128277779","-0.0304169151932001","0.112709403038025","-0.00799605250358582","-0.00933837238699198","0.0780957713723183","-0.00129496934823692","-0.010597025975585","0.0707833841443062","-0.0314388200640678","-0.121348008513451","0.0386640317738056","-0.204900622367859","0.0460669472813606","0.0343729071319103","-0.0580387860536575","-0.0186631139367819","0.0430728085339069","-0.0202573202550411","0.0517190471291542","0.169714152812958","-0.0911004245281219","-0.054908249527216","0.0737410485744476","-0.00511284358799458","0.029326381161809","0.0232653133571148","0.00563582498580217","-0.0625260695815086","0.0181913245469332","-0.0638998374342918","0.0659084096550941","0.0185616947710514","-0.0711182355880737","0.161638855934143","0.0324534177780151","0.0842382311820984","0.0126616414636374","-0.00210266513749957","0.00149293639697134","0.0448637939989567","0.0331459976732731","0.0363504439592361","-0.0569421909749508","0.0144400373101234","0.0426225885748863","-0.0138765079900622","0.0302054695785046","0.11289269477129"
"16","-0.120924763381481","-0.0245776250958443","0.00634926930069923","0.0574926175177097","0.0166785400360823","0.0265896841883659","0.0345741920173168","-0.131850779056549","-0.0632301717996597","0.0520654432475567","0.076456755399704","0.080376423895359","-0.14730629324913","0.0252797808498144","-0.033266007900238","-0.0270703639835119","-0.0513718128204346","-0.0442086271941662","-0.00389912095852196","-0.0803818702697754","-0.166084334254265","-0.0283202901482582","0.0739163532853127","-0.0485947504639626","-0.0992482230067253","0.0449384264647961","0.0434630364179611","0.0910388827323914","0.0352937318384647","0.0779878348112106","0.0254592169076204","-0.0473002381622791","0.214160576462746","0.0291028674691916","0.0354752242565155","0.00457629282027483","-0.0475339591503143","0.01160042360425","-0.146462470293045","0.0603001974523067","-0.0908207520842552","0.0223170593380928","-0.0145495012402534","0.0137465577572584","0.0127791836857796","-0.0342006757855415","-0.0787312686443329","0.0292184520512819","-0.0398700833320618","-0.0170647762715816","-0.00745505327358842","0.0322505235671997","-0.111100159585476","-0.154497846961021","-0.00341257057152689","-0.0197783336043358","-0.0235182419419289","0.0993009060621262","0.0326574221253395","-0.0695449709892273","-0.0701800733804703","0.00762080959975719","0.022112937644124","0.0230647679418325","0.139707982540131","-0.0192374475300312","-0.111760802567005","-0.0944432020187378","-0.11774767190218","0.084776796400547","0.0966924279928207","-0.00609702989459038","0.031372707337141","-0.0421617925167084","0.107093095779419","0.124349176883698","-0.094048373401165","0.0989136025309563","0.0702371671795845","-0.0289316717535257","0.0200194045901299","-0.0580276735126972","0.146126970648766","0.0481582321226597","0.0483544692397118","0.0780903995037079","-0.0346679948270321","0.0927795320749283","-0.0897163972258568","0.0151834385469556","0.0398630313575268","-0.00890918169170618","-0.01456652674824","-0.0126637676730752","-0.0423169396817684","0.0415895916521549","0.068340003490448","0.164884477853775","-0.0775952711701393","-0.0730759724974632","-0.0209800228476524","-0.0331131927669048","0.0981318280100822"
"17","0.0261833481490612","-0.040213443338871","0.0345712639391422","0.0423617586493492","0.0114282192662358","0.0396375544369221","-0.0315563194453716","-0.0236683245748281","0.00902718957513571","-0.110952727496624","-0.0955457240343094","0.15978330373764","0.150165915489197","0.019533907994628","-0.0310573298484087","0.0731032937765121","0.0201464854180813","0.0427483469247818","-0.060350451618433","0.0374189279973507","0.12017547339201","-0.0431908220052719","0.0477529540657997","-0.0171173587441444","-0.0661684200167656","-0.0418988540768623","-0.0804774537682533","0.10154265165329","0.00591786066070199","-0.0910381302237511","-0.0183154307305813","-0.00646887719631195","-0.00424530543386936","-0.0423545800149441","-0.00116508034989238","0.0268531516194344","-0.0767013430595398","-0.0114147337153554","-0.0090259974822402","0.175953477621078","-0.0215232074260712","0.0700007155537605","0.107308387756348","-0.0063515561632812","-0.117359414696693","0.0408732742071152","0.0817808285355568","0.11702661216259","-0.00517015298828483","-0.106179751455784","-0.127549394965172","0.0679537877440453","-0.112667568027973","0.050567802041769","-0.100434139370918","-0.084626704454422","-0.111818328499794","-0.116009540855885","0.0476312749087811","0.0452508293092251","-0.0342700853943825","0.0676255896687508","-0.0325011238455772","0.00308357342146337","0.0699093118309975","-0.0260313991457224","-0.0161301698535681","0.0624582581222057","-0.0508481152355671","0.0617593266069889","-0.212944269180298","-0.00176976260263473","0.0121368961408734","-0.141000285744667","0.182742223143578","0.0860434249043465","0.0806174054741859","-0.0677786320447922","-0.0144315306097269","0.0477088578045368","-0.0393197350203991","-0.0058494689874351","0.0841652676463127","0.0889277309179306","-0.0270762126892805","0.117633484303951","-0.0297914948314428","-0.0631205812096596","0.0536446794867516","-0.030856978148222","0.0670564770698547","-0.0553450621664524","-0.0163573808968067","-0.0475302375853062","0.0108322910964489","-0.0768606811761856","0.00998920667916536","-0.0432398021221161","0.0042749373242259","0.00845817662775517","-0.125816941261292","0.0353987142443657","0.0327192097902298"
"18","-0.0309540014714003","0.0256471633911133","0.0118570951744914","-0.0919966101646423","0.0479185096919537","-0.0876504108309746","0.0276400987058878","-0.0729936435818672","0.00372132170014083","-0.0521866530179977","-0.0128154391422868","-0.0745864361524582","-0.0534281060099602","0.0758885368704796","0.122185043990612","-0.0081369373947382","0.0902289673686028","-0.10751011967659","0.125417187809944","0.0246097967028618","-0.0698541402816772","-0.0256278179585934","0.00782955624163151","-0.0794773176312447","0.0169942565262318","-0.0450125597417355","0.00455000204965472","0.00571061298251152","-0.100234627723694","0.164542570710182","0.0727111548185349","0.0220835544168949","0.0432041026651859","0.00112323916982859","-0.0196360126137733","0.0563479065895081","-0.0294418185949326","0.0284231677651405","0.0820274576544762","0.0139437755569816","0.0614471323788166","0.00217272364534438","-0.0102104786783457","-0.0149085996672511","-0.049226488918066","-0.0512966029345989","-0.0421749912202358","0.123591616749763","0.0323026739060879","0.0703011825680733","0.0918942615389824","-0.0801455229520798","0.0219431966543198","0.0824171528220177","-0.0696090683341026","0.0571126341819763","0.0163109842687845","0.0222800225019455","0.0141240125522017","0.0542718023061752","0.0813669413328171","0.0119207678362727","-0.123338356614113","-0.0353954248130322","-0.0782668218016624","-0.0258007626980543","0.0696849375963211","-0.0953157171607018","0.0410279259085655","-0.10930060595274","-0.0486834608018398","0.0278174951672554","0.114748895168304","-0.00354416598565876","0.174038305878639","-0.0975837856531143","-0.0590750463306904","0.0163834728300571","-0.0534308589994907","-0.0425605438649654","-0.168640047311783","0.0101273879408836","0.0906808152794838","0.0994962230324745","-0.0585451014339924","0.0768104121088982","-0.0597315318882465","-0.0427588187158108","-0.0971077159047127","-0.0926762074232101","-0.0704882442951202","-0.128011435270309","0.0798871144652367","-0.000194988475413993","0.00268865493126214","-0.166899040341377","0.106454417109489","-0.0538313873112202","0.0561048276722431","-0.0198273714631796","0.064489409327507","0.044683650135994","0.115391738712788"
"19","0.0198194719851017","0.0102166058495641","0.11027130484581","0.115092039108276","-0.0671789273619652","-0.0428509525954723","-0.036441296339035","-0.0515319965779781","0.131272777915001","0.0166555363684893","0.0741590484976768","-0.0875436440110207","-0.0862694531679153","-0.0364535227417946","-0.00520665384829044","-0.158437371253967","0.0558069385588169","0.0100301206111908","0.0152833377942443","-0.0269553884863853","0.076777271926403","-0.018196314573288","0.0152145372703671","0.0408337935805321","0.00555722694844007","0.0218040570616722","-0.0451202318072319","-0.119138658046722","0.00855729635804892","-0.000999345909804106","0.126371070742607","-0.0271393563598394","0.0243097152560949","0.014631163328886","0.0457766689360142","0.0361360795795918","0.00514311715960503","0.0518314205110073","0.0587281435728073","-0.107772767543793","0.0238897614181042","0.0286689233034849","-0.0174844916909933","-0.0540808625519276","-0.061731118708849","0.0356684625148773","0.000233102298807353","-0.0952377840876579","0.0286458916962147","-0.0520956255495548","0.0110376570373774","-0.0143205681815743","-0.122983045876026","0.0165810268372297","0.0639116987586021","-0.00704025803133845","-0.133823469281197","0.00970479473471642","-0.0633690282702446","-0.0143166724592447","-0.00419643148779869","0.0233251489698887","-0.0902817323803902","-0.0790946483612061","-0.0682757645845413","0.0427684783935547","-0.0625014677643776","0.172705605626106","0.0180840138345957","-0.066127248108387","0.0341860800981522","0.07490124553442","-0.0773444324731827","-0.024201899766922","-0.0164264682680368","0.268557131290436","0.016347685828805","-0.0937617421150208","-0.0363676473498344","-0.102809332311153","-0.0988158583641052","0.00837881304323673","-0.0415537804365158","0.159307062625885","0.0808534696698189","0.0267003942281008","-0.0140261091291904","0.00535260885953903","-0.00291927019134164","0.00957910530269146","0.0275271311402321","-0.0864347517490387","-0.0479071438312531","0.111361600458622","0.0451475977897644","-0.028128644451499","0.00972703099250793","0.0597565732896328","0.0110986633226275","-0.0269426628947258","0.0286926496773958","0.0388608202338219","0.0192910004407167"
"20","-0.0441505387425423","-0.0489947386085987","-0.095443457365036","-0.0138759035617113","0.0543133839964867","-0.0533854216337204","-0.0576911680400372","-0.0798977240920067","-0.022762356325984","0.000429522100603208","-0.0640012174844742","0.0324358604848385","-0.130263820290565","-0.0705958530306816","-0.0625962316989899","0.0181529801338911","-0.0170526076108217","-0.0488908849656582","-0.028762673959136","0.0957366600632668","-0.118136271834373","-0.064665324985981","0.0363339819014072","0.0754757896065712","-0.0673836469650269","0.0254211165010929","0.0113710816949606","-0.042464841157198","0.0189710576087236","0.0309412591159344","0.00834149494767189","0.0487031526863575","-0.0229531861841679","-0.00824606884270906","-0.0238561183214188","-0.0404566377401352","-0.00670986203476787","0.0920601561665535","0.0656880810856819","0.00254023307934403","0.0720696970820427","0.0626107305288315","-0.0489804148674011","0.0186749808490276","-0.000259228749200702","-0.0245075412094593","-0.0775979161262512","0.0442397184669971","0.0372177585959435","-0.0496450774371624","0.0799207389354706","0.0218097697943449","-0.00432565016672015","0.069733738899231","-0.0287539474666119","0.00450130039826035","0.0901425331830978","-0.0680235773324966","-0.0721873715519905","0.00310473586432636","0.00111416971776634","0.00244605843909085","0.0074587743729353","0.0618081502616405","0.00606111483648419","-0.0336442589759827","0.00758111802861094","0.328368216753006","-0.0301532316952944","0.036785401403904","-0.0538533851504326","0.0384277701377869","0.0128702679648995","0.123050421476364","0.0404954142868519","-0.0649740025401115","0.000665184750687331","0.114617131650448","0.0443524532020092","0.0800002813339233","0.0586113035678864","0.0268046073615551","0.0129328016191721","0.093838058412075","0.0664062574505806","0.0536725968122482","0.0891363993287086","-0.0238081514835358","-0.110203795135021","0.0393377542495728","-0.00660187331959605","0.0071447342634201","0.0129878176376224","-0.0486766919493675","-0.0132649447768927","-0.0699989944696426","-0.0969725102186203","-0.0480327792465687","-0.145875498652458","-0.0161989592015743","-0.0407295450568199","0.0269291680306196","-0.113554172217846"
"21","0.206616967916489","0.0176353808492422","-0.0370973311364651","0.00412872806191444","0.0136765064671636","-0.0620143413543701","0.0298254862427711","0.0260126311331987","0.18152117729187","0.0124988276511431","-0.0542757622897625","0.0228613633662462","0.0555013120174408","-0.0376010872423649","-0.075101800262928","-0.0688663050532341","0.0150548629462719","-0.0418831668794155","-0.032081738114357","-0.0462802723050117","0.0620249658823013","-0.0119481310248375","-0.0353541485965252","0.012945618480444","0.0207820720970631","-0.0451516769826412","0.0129364058375359","0.0408790893852711","-0.0347637757658958","0.0629765093326569","0.0779141560196877","0.0757209956645966","-0.016345027834177","0.0238012541085482","0.115977101027966","-0.000176223926246166","-0.0096737714484334","0.0672091916203499","0.0286351498216391","0.0168425124138594","0.00559141999110579","-0.0164074562489986","-0.00118742987979203","-0.0394365526735783","-0.0921005308628082","-0.0193123184144497","0.0163455475121737","0.0338544808328152","0.0239882711321115","-0.0751452222466469","0.0164466928690672","-0.0106418896466494","-0.0295768026262522","-0.00950580090284348","-0.0797523558139801","-0.0622551403939724","-0.0548221692442894","0.00265473709441721","0.00298709329217672","-0.0863511562347412","-0.0187980737537146","0.0231877807527781","-0.0278311427682638","0.00507091637700796","0.0213980209082365","0.0127397198230028","-0.0938757210969925","-0.162469729781151","0.00915883295238018","0.0229483172297478","0.171522468328476","-0.0664637014269829","0.0571226552128792","0.0695214793086052","0.0836778879165649","-0.0294404421001673","-0.0676703229546547","-0.0169078633189201","-0.0866036266088486","0.14819772541523","0.1668571382761","0.0585466548800468","-0.113186545670033","-0.0506359934806824","-0.0426039285957813","0.0368429832160473","0.00443642493337393","-0.0205005556344986","-0.168597474694252","-0.0564762316644192","0.0713207721710205","0.0983126163482666","-0.0537054389715195","-0.073736160993576","-0.00437400117516518","-0.0738764256238937","-0.00813156180083752","0.0338099449872971","-0.00634736428037286","0.00650033634155989","0.0394675582647324","-0.000600427854806185","-0.022803233936429"
