"","V2","V3","V4","V5","V6","V7","V8","V9","V10","V11","V12","V13","V14","V15","V16","V17","V18","V19","V20","V21","V22","V23","V24","V25","V26","V27","V28","V29","V30","V31","V32","V33","V34","V35","V36","V37","V38","V39","V40","V41","V42","V43","V44","V45","V46","V47","V48","V49","V50","V51","V52","V53","V54","V55","V56","V57","V58","V59","V60","V61","V62","V63","V64","V65","V66","V67","V68","V69","V70","V71","V72","V73","V74","V75","V76","V77","V78","V79","V80","V81","V82","V83","V84","V85","V86","V87","V88","V89","V90","V91","V92","V93","V94","V95","V96","V97","V98","V99","V100","V101","V102","V103","V104","V105","V106","V107","V108","V109","V110","V111","V112","V113","V114","V115","V116","V117","V118","V119","V120","V121","V122","V123","V124","V125","V126","V127","V128","V129","V130","V131","V132","V133","V134","V135","V136","V137","V138","V139","V140","V141","V142","V143","V144","V145","V146","V147","V148","V149","V150","V151","V152","V153"
"2","0.0812644","-0.0101073","-0.0139178","-0.0136922","-0.0130843","-0.0136063","-0.0136139","-0.0144716","-0.0145729","-0.0133724","0.0966961","-0.0128603","-0.0138946","-0.00511895","-0.0152706","-0.0138282","-0.0132151","-0.0147385","-0.0135179","-0.0129568","-0.0148659","-0.0128418","-0.0140072","0.0873337","0.0804579","-0.012534","-0.0151865","-0.0138095","-0.0137878","-0.0150201","0.0803212","-0.0128803","0.0946992","0.0133004","-0.0142058","-0.0110759","-0.0134009","-0.0128091","-0.0141958","-0.0138753","-0.0135053","-0.0145708","-0.0136412","-0.0139329","-0.013867","-0.00541874","-0.0139265","-0.0124816","-0.0137337","-0.00745836","-0.012404","-0.0137033","0.0708911","-0.01351","-0.0142346","-0.014002","-0.0127575","-0.0146968","-0.0142214","-0.0113218","0.0202501","-0.0142839","-0.0129931","-0.0144514","-0.0138502","-0.0140091","0.070468","-0.0130697","-0.0131983","-0.0127888","0.0792764","0.0971958","-0.0138152","-0.0132736","0.0880037","0.0899288","-0.00927739","-0.0131403","-0.0145621","-0.014909","0.100456","-0.0141337","0.0029448","-0.0132205","-0.0153021","-0.0139415","0.0588505","-0.0134459","-0.0128486","-0.0121134","-0.0144176","-0.0138288","-0.0126929","-0.0145927","-0.0132931","-0.0135244","-0.014745","0.0895712","-0.0149077","-0.0103732","-0.0134381","-0.00813135","-0.0133813","0.0607733","-0.0136392","-0.0134137","-0.0131419","-0.014859","-0.00957291","-0.0126696","-0.0145564","-0.0135779","0.0852849","0.0205766","-0.013476","-0.0121141","0.101775","-0.00730343","-0.00925295","-0.0132689","-0.0126976","-0.0138532","-0.0137737","-0.0133512","-0.012546","-0.0136479","0.0927424","-0.0132223","-0.0142603","-0.0141881","0.0885032","-0.0136038","-0.0131128","-0.0145757","-0.0140828","-0.0148479","0.0922881","0.0991489","0.0765777","-0.0141765","-0.0131333","0.0821779","-0.0150581","-0.0136597","0.0543982","-0.0141886","-0.0147737","-0.0122129","-0.0129001","-0.0148915","-0.0122032","-0.0114114"
"3","-0.0125619","0.00301952","-0.0107305","-0.0061008","-0.00193526","-0.00469006","-0.00789801","-0.00882034","-0.00559742","-0.00413493","-0.0165942","0.000227404","-0.00366158","0.0589018","-0.00827982","-0.00469904","-0.00599885","-0.00690606","-0.00287366","-0.00659226","-0.00447236","-0.00878295","-0.00897438","-0.00963543","-0.0136014","-0.0036141","-0.00310346","-0.00668563","0.00136103","-0.00482382","-0.00964818","-0.00524646","-0.00806582","0.219412","-0.00693281","-0.00446065","-0.00515724","-0.00413179","-0.00237456","-0.00559947","-0.00215133","-0.00860429","-0.00408814","-0.00669287","-0.0074366","0.0189801","-0.00399594","-0.00486686","-0.00619501","-0.00423121","-0.00641849","-0.00341326","-0.00796641","-0.000431864","0.00175112","-0.00454661","0.00393996","-0.00192172","-0.00590181","-0.000619471","0.279104","-0.000648546","-0.00734098","-0.0089276","-0.000155805","-0.00656225","-0.0141268","-0.00362432","-0.00162304","-0.00380494","-0.014807","-0.0117339","-0.00646304","-0.00278144","-0.0162442","-0.0103146","-0.000707296","-0.00378477","-0.00403644","-0.00480592","-0.016535","-0.00773448","0.0750152","-0.00348572","-0.00453968","-0.00486388","-0.0111954","-0.00359048","-0.00652214","-0.00618941","-0.00549615","-0.00712161","-0.00242864","-0.0102759","-0.00897742","-0.00564319","-0.00520544","-0.00983448","-0.00488242","-0.00554307","-0.00577159","0.0049493","-0.00291274","-0.0115231","-0.00463286","-0.0054221","-0.00464545","-0.00850888","-0.00334883","-0.00203479","-0.00493841","-0.00385577","-0.0136267","0.281579","-0.00595356","-0.00299004","-0.0145727","0.00268043","-0.00597463","-0.00192851","-0.00124717","-0.000803156","-0.00401356","0.000280767","-0.00516946","-0.00377137","-0.01145","-0.00744723","-0.00583823","-0.000925982","-0.0128495","-0.00289335","-0.00647066","-0.00716216","-0.00273793","-0.00814423","-0.0102473","-0.0134076","-0.0119966","-0.00771193","-0.00511106","-0.013468","-0.00284337","-0.000741037","-0.00441362","-0.000523939","-0.00490935","-0.00443765","-0.00466363","-0.00698672","-0.00610532","-0.00205756"
"4","0.00485877","0.011768","0.0001134","-0.00858372","0.0128119","0.00514725","0.00337802","-0.0154968","-0.0132785","-0.0170804","-0.00189748","-0.0124394","-0.0144066","-0.0484808","-0.0415406","-0.00136317","0.0163965","-0.0210226","0.00845124","0.0025059","-0.028585","-0.0103919","0.00159847","0.000342988","-0.00837146","0.00292572","-0.0331173","0.00776363","-0.0363909","-0.0155353","-0.0014372","-0.0142723","-0.010092","-0.00532608","-0.0209859","0.0547485","-0.00462033","0.0223272","-0.0252022","-0.00774771","-0.0277235","-0.00469799","-0.0183434","-0.0236552","-0.0113178","0.00718892","0.00950208","0.00938025","-0.0161447","-0.0130672","0.0186468","-0.033088","-0.0140891","-0.00776547","-0.0276289","0.0261627","-0.0448074","-0.0178857","-0.00636009","0.0632987","0.00205775","-0.0138728","-0.00439354","-0.0146446","-0.0251212","-0.0138","0.00223029","-0.0190009","-0.0139725","7.02734e-05","-0.0136684","-0.00404133","-0.0124646","-0.0153079","-0.0123934","0.00121076","0.0775535","-0.0358582","-0.00926576","-0.0140584","-0.00389374","0.00123036","0.0607505","-0.00248098","-0.0333675","-0.0073835","-0.0127265","-0.0008427","0.00209617","0.00597681","-0.0155857","-0.0171979","0.0308822","-0.00226758","-0.00893329","-0.00611967","-0.0260947","0.00393719","-0.02323","0.0582549","0.0141215","0.103744","-0.0174676","-0.0118776","0.0042923","-0.00960686","-0.0124905","-0.0178617","0.0616602","0.0310479","-0.015951","-0.010836","-0.000177429","0.00539897","-0.00599629","-0.00423891","0.00111862","0.135668","0.0406799","-0.0104598","-0.0131487","-0.0212249","-0.0213315","-0.00937322","8.00385e-05","-0.00566536","-0.0094687","-0.00866968","-0.00352658","-0.0138975","-0.00430413","-0.0116461","-0.0101654","-0.0245017","0.00100222","-0.0366631","-0.00591376","-0.0105265","-0.0143169","-0.00399856","0.0049409","-0.0113365","-0.00656803","-0.0419052","-0.0150694","-0.00715816","-0.0317237","0.0241816","0.0242372","0.00874892","-0.0199164","0.0650958"
"5","-0.00356523","-0.0187535","0.0113482","0.0106818","0.00114547","0.0163537","0.00118868","0.0196945","-0.0026953","0.00377586","0.00488798","0.00223622","0.00387151","-0.100565","0.00867589","-0.00321716","-0.00318233","0.00611932","0.00226611","0.00564448","0.00412799","-0.00330098","0.00322508","0.00895644","0.00474378","0.00248153","0.000619303","0.00628964","0.0191495","-0.00628309","-0.000906289","0.00278218","-0.00560443","0.07089","0.005928","-0.00951244","0.000840324","-0.00717338","-0.00237291","-0.0114916","0.0248203","0.00491861","-0.00432693","-0.000297941","0.00941802","-0.0504224","0.00935921","-0.00164433","0.017848","-0.00235079","-0.000700998","0.0157789","0.00836825","0.0101262","0.0133973","-0.00812833","0.000228524","-0.00318328","0.00439025","-0.0146046","0.122694","0.00965364","0.00360165","0.00804167","0.0150656","0.00734186","0.00199717","-0.0150965","0.0184373","0.00874175","-0.00023638","-0.00217042","0.0225731","0.00178867","-0.000509419","0.0117087","-0.00407656","0.0104133","0.00684495","-0.000485296","0.00150076","-0.00225527","0.00809722","0.00323382","0.00405443","0.0108439","0.00267415","-0.00534287","0.00285029","-0.00656224","0.0174878","0.0180006","-0.0056922","-0.00695721","0.00406166","0.000553566","0.0116566","0.0041434","-0.00278829","-0.00178691","0.00595579","-0.0155098","0.00950532","0.0101412","-0.00485878","-0.00884223","-0.000873584","0.00947224","-0.00663264","0.00373449","-0.00333543","0.0026464","0.00657468","0.117675","-0.00119783","-0.00564532","0.0036319","-0.0153378","-0.00699209","0.00100841","0.000775544","-4.36805e-06","0.00887105","0.010667","-0.00750403","0.00135045","0.0126116","0.00105912","-0.00201603","0.00120953","-0.000191514","0.00739878","-0.00266083","0.00234725","-0.00470871","0.00263307","-0.00415992","-0.00475939","0.00261283","0.0101237","0.00964012","0.00116893","0.00366321","0.00911859","-0.00320082","0.0102877","0.00427856","-0.0124234","0.00608898","-0.00153746","0.0157412","-0.00674441"
"6","0.0036979","-0.0104479","-0.0102912","-0.0194132","-0.00675658","0.00778634","-0.00946917","-0.0221243","-0.0372344","-0.0318162","-0.000714031","-0.00931786","-0.0187014","-0.0208153","-0.00341831","-0.00401863","-0.0059696","0.0381737","-0.0195962","-0.0211803","0.0378595","-0.00834036","-0.029697","-0.00341619","0.00119142","-0.0268212","0.131083","-0.0186459","0.128228","-0.00858532","0.000221309","-0.0362401","0.00327092","-0.00190482","-0.0144125","-0.00557139","-0.0109043","-0.01764","0.109827","-0.0102848","0.111757","0.0205021","-0.0270612","-0.0314885","-0.0438617","0.00125683","-0.0128425","-0.0360478","-0.0136656","0.0110312","-0.030945","0.153726","-0.0156667","0.0400961","0.0966302","-0.000195202","0.0321884","0.00838737","-0.0410393","0.000772162","-0.017937","0.00214347","-0.0069278","-0.0256201","0.128349","-0.0170144","-0.00322383","-0.0194449","0.0980015","-0.026143","0.000504282","0.00384488","-0.0389533","-0.0167896","-0.00808105","0.00707208","-0.00509091","-0.0377381","-0.0212967","-0.0362562","0.00980172","-0.0232423","0.0421177","-0.0257259","-0.0301936","-0.0143559","0.00419218","-0.00636352","0.00186425","0.0295978","-0.00994617","-0.0143006","0.00906143","-0.0157385","-0.0245225","0.0111396","-0.00344976","-0.00599726","-0.0308792","-0.0139016","-0.0175772","0.0837616","0.0442384","-0.0082356","-0.0252884","-0.0106943","-0.0239439","-0.0550426","-0.0254386","0.0390838","-0.0250981","0.0362424","0.00955663","-0.0208183","-0.0366045","-0.00912653","0.00531846","0.0086885","0.00478298","0.0109627","-0.0147826","-0.00139259","0.0218472","0.107072","-0.0397495","-0.0324763","0.0141299","-0.010942","0.00152979","0.048836","0.00313121","0.0829957","-0.0342188","0.0672499","-0.042468","-0.0313359","0.0134618","0.00839175","0.00444115","-0.0326834","0.00239894","0.00201131","-0.0181347","0.0384276","0.00266924","-0.0219255","0.00464544","0.00755383","-0.0246446","-0.0201429","0.00336442","-0.0184107"
"7","-0.0315500646829605","-0.0497646331787109","0.0326373316347599","0.0492332987487316","-0.0529915802180767","-0.052816528826952","0.0227892436087132","0.00855446048080921","-0.0542407520115376","0.00477827433496714","-0.0675508081912994","-0.0266951993107796","0.0322782211005688","-0.0274129863828421","-0.0585702620446682","0.0356308557093143","-0.0636413618922234","-0.028018532320857","0.041787326335907","0.0121777215972543","-0.0431603565812111","0.0172091014683247","0.0161457154899836","0.0335561521351337","0.00508680706843734","-0.045431163161993","-0.029630932956934","0.00348736555315554","-0.0636730194091797","-0.023203918710351","-0.045781459659338","-0.0543293617665768","0.0341530591249466","-0.00836541131138802","-0.0347479470074177","-0.0536837317049503","0.038628350943327","0.0390804521739483","-0.0715376809239388","0.0212942957878113","-0.0315832234919071","0.0894486010074615","0.0473526939749718","-0.00141983130015433","-0.0404960811138153","-0.0096549391746521","-0.0147497793659568","0.0434458963572979","0.0521183647215366","-0.0505353510379791","0.0183460377156734","-0.0558823421597481","0.0448617599904537","-0.0589298382401466","-0.0245018098503351","-0.0757676586508751","0.0568222030997276","-0.01643006503582","0.0782126411795616","0.0825565233826637","0.0579497255384922","-0.0522881001234055","0.0038982646074146","-0.0648051798343658","-0.0392292626202106","0.00744979688897729","-0.0470177158713341","-0.0357106439769268","-0.0215310081839561","-0.0761865451931953","0.0105641447007656","0.0389426313340664","0.0405674912035465","-0.011244191788137","-0.00163812900427729","0.0224910173565149","0.0140621587634087","0.00308967661112547","0.0802474394440651","-0.00247217016294599","0.0324726924300194","0.0225244592875242","0.0417982451617718","0.0427858643233776","0.0396421775221825","0.0489484891295433","-0.0358321033418179","0.0820946469902992","-0.0293513368815184","-0.0145399337634444","0.0456543490290642","0.00371863623149693","0.0210578590631485","-0.053462527692318","-0.0404054410755634","0.0789153948426247","-0.0739818140864372","0.0325147621333599","0.0383914820849895","-0.0343140959739685","-0.0496304593980312","0.0198459085077047","-0.0157158970832825","0.0485444143414497","-0.0212067384272814","0.084654726088047","0.0291068535298109","-0.0233609434217215","-0.0106600690633059","-0.0572599805891514","0.081516869366169","-0.0859775990247726","0.0364092923700809","-0.0485117398202419","-0.000843128596898168","0.0090975072234869","0.0613610185682774","0.0276087820529938","0.0157218500971794","0.0229405127465725","0.0394856408238411","0.0409474410116673","0.0423287563025951","-0.0617129504680634","0.0325383804738522","-0.0143698612228036","-0.0247825719416142","0.0618003569543362","-0.0148604055866599","-0.0624970979988575","0.0625507310032845","-0.0608277730643749","-0.0123513415455818","0.000399555981857702","0.0476858094334602","-0.00658631743863225","0.0129581540822983","0.0326785854995251","-0.0143130160868168","-0.0450637340545654","-0.0260440614074469","-0.0117311412468553","-0.0855311527848244","-0.0557581558823586","0.0232986491173506","0.0654017850756645","0.053410466760397","0.026439631357789","0.0520130656659603","0.0363991186022758","0.0230916012078524","-0.0575898662209511"
"8","0.018272016197443","0.0872325897216797","-0.0390276238322258","0.0688432082533836","0.0207365825772285","0.0720558241009712","-0.0960249677300453","0.0653248652815819","0.0464817024767399","0.00218384992331266","0.0429032184183598","0.0415073484182358","0.0561993345618248","0.0195550825446844","0.033592090010643","-0.0555689670145512","-0.0135325035080314","-0.0507130175828934","0.0495868474245071","0.0122720813378692","-0.0044460347853601","-0.0185638573020697","0.0158730987459421","0.0179646369069815","0.0852712392807007","0.0532115250825882","0.0231127273291349","0.00412438111379743","0.00671471748501062","-0.037055030465126","-0.0649988353252411","-0.0554186142981052","0.0156098594889045","-0.0976881310343742","0.0597764067351818","-0.00556541001424193","-0.0332354642450809","0.0431747697293758","0.0668115317821503","-0.04042948782444","0.0174151342362165","0.0110556008294225","0.0326531268656254","0.0139433443546295","-0.104141362011433","-0.151244699954987","-0.03727887570858","0.0239168871194124","0.025182930752635","0.0505341589450836","-0.022985365241766","0.0557671412825584","0.00115555874072015","0.0785030648112297","0.0805920660495758","-0.0972340032458305","0.0308053251355886","-0.103167407214642","0.0563812404870987","0.0787230879068375","0.0466479659080505","0.0758910179138184","0.0508796274662018","0.0127647463232279","-0.00703280093148351","-0.0252440925687551","-0.0492657534778118","-0.0441633984446526","0.0555016435682774","-0.100331321358681","0.0517826192080975","0.0665612816810608","-0.163218021392822","-0.00374034279957414","0.0405089743435383","0.0565372817218304","0.0369260869920254","-0.141026183962822","0.0181582812219858","-0.0776299834251404","0.0392646603286266","0.0481536611914635","0.0604652054607868","0.0345281362533569","-0.138267830014229","-0.0389025136828423","-0.0789385065436363","-0.0828232914209366","-0.0140161523595452","-0.0216681882739067","-0.0810493528842926","0.036744836717844","0.00277698365971446","0.0456904284656048","0.0734522342681885","0.0285172071307898","0.0655370354652405","-0.0333987139165401","-0.058030541986227","-0.0744423195719719","-0.101098760962486","0.0788311138749123","-0.00828791875392199","0.0105154532939196","-0.0659807920455933","-0.00743333529680967","-0.0233700536191463","-0.00884946901351213","-0.160473212599754","0.00248048803769052","-0.0449861921370029","0.0432856827974319","0.0358785055577755","-0.0499490909278393","-0.126323118805885","-0.0936771035194397","0.0344192199409008","0.0203154757618904","0.0414504893124104","-0.0795752853155136","0.0014049505116418","0.0592573992908001","0.0251870136708021","-0.036333080381155","-0.0155248371884227","-0.0316281877458096","0.049808107316494","0.0219180304557085","0.0699225887656212","0.0456878170371056","0.0302721429616213","0.0922969207167625","0.038179412484169","-0.0585765652358532","-0.0135323777794838","-0.157022565603256","-0.102943412959576","0.0309552792459726","-0.0229646302759647","-0.00266649224795401","0.014841727912426","0.0292926225811243","-0.00463223736733198","0.0107710724696517","-0.0044571622274816","0.014290071092546","-0.0284662526100874","0.0743823349475861","0.0357780419290066","0.0182575210928917","0.0556387193500996","0.0819808021187782"
"9","-0.00345174712128937","0.00450531579554081","-0.0043980092741549","0.0321119502186775","0.0122326603159308","-0.0479253605008125","0.0198074318468571","0.0539284907281399","0.035489097237587","0.0720570310950279","0.0647154152393341","0.0571877993643284","-0.0201404504477978","-0.0599418766796589","-0.00168897770345211","0.0512903854250908","-0.00678391847759485","-0.0695544257760048","0.0113323535770178","-0.00246688816696405","-0.0590172968804836","0.0169535838067532","0.0376594625413418","-0.0218088608235121","0.076668493449688","-0.0476261004805565","0.0843488648533821","0.0675312951207161","0.00430383533239365","0.0500178337097168","0.0882625356316566","-0.0118595082312822","0.0372908003628254","0.0129310535266995","-0.0728274062275887","0.00567385088652372","-0.000354259129380807","0.0460419729351997","-0.0157181974500418","0.029912706464529","-0.0769439786672592","-0.0429410748183727","0.0403668507933617","0.0180237740278244","-0.0727782920002937","0.0605304129421711","0.00990815088152885","0.00724335853010416","0.00221603084355593","0.0286512430757284","-0.0702968537807465","0.0747768059372902","0.0465379655361176","-0.0301182847470045","0.0126821082085371","0.0423771254718304","-0.00170414603780955","-0.0710359960794449","0.0242296475917101","0.0469625145196915","0.0092666344717145","-0.0323659889400005","-0.0493457615375519","-0.0246715880930424","0.0330862663686275","0.027961004525423","0.103396750986576","0.0516699999570847","0.0480148829519749","0.0654559284448624","0.037842508405447","0.0666140168905258","-0.0112493932247162","0.0283429529517889","0.0055389073677361","0.0388019979000092","-0.128612115979195","0.0186087023466825","0.0193264316767454","-0.055533055216074","0.0211544074118137","0.115392915904522","-0.0413995236158371","-0.140275090932846","-0.0482679083943367","0.0339480265974998","0.0814981758594513","-0.0255921967327595","-0.0878737941384315","-0.0309887584298849","-0.0819199234247208","0.0435121394693851","-0.0102404169738293","0.0289126075804234","-0.128937497735023","-0.0273603610694408","-0.0243452228605747","0.0248101353645325","-0.0738088563084602","-0.025400560349226","0.118450440466404","0.0507743917405605","0.012887111864984","-0.0408784337341785","0.0734953656792641","0.00517372088506818","0.0222288481891155","-0.0424673743546009","0.00741151487454772","0.0367516055703163","-0.0517820231616497","0.0536371171474457","0.0499782934784889","-0.017813028767705","0.0156053937971592","-0.0463639348745346","0.00381339155137539","0.0343382954597473","-0.012611348181963","-0.0554639063775539","0.0303959157317877","0.0134342415258288","-0.028149638324976","-0.0611516870558262","0.037590354681015","0.00891064293682575","0.00500484183430672","0.0298197045922279","-0.116677418351173","-0.141762927174568","0.0136438002809882","-0.0359063372015953","0.0149848079308867","0.00193420390132815","-0.0113374851644039","-0.0972798019647598","-0.0469819419085979","0.079965628683567","0.0145503859966993","-0.0152942361310124","0.0686780586838722","-0.264279067516327","0.021907290443778","-0.0190986394882202","0.0387687534093857","0.0286840572953224","-0.0543715506792068","-0.0712463185191154","-0.139058262109756","0.0272521544247866","0.0818127170205116","-0.0488808080554008"
"10","-0.0471057072281837","-0.00559104373678565","0.105777561664581","-0.00324038695544004","0.0850712954998016","-0.00225490354932845","0.0780523866415024","-0.0141081679612398","-0.00463288370519876","0.0395105481147766","0.011992858722806","0.04001609608531","0.0205325614660978","-0.0500300675630569","0.042258083820343","0.0363632589578629","0.0674842447042465","-0.0538079403340816","0.0661546364426613","0.101976700127125","-0.0986397042870522","0.060403048992157","-0.015698216855526","-0.0757860019803047","0.0815474614500999","0.060218159109354","0.0198384951800108","-0.00392210343852639","0.02249725908041","-0.00691739981994033","-0.0414400435984135","-0.0220713578164577","-0.0377385169267654","-0.0696427077054977","0.0865784734487534","-0.0115221403539181","-0.0297089982777834","-0.00599753111600876","0.0728370100259781","0.0801031589508057","0.0506752915680408","-0.00112865900155157","-0.0240447949618101","0.107327185571194","-0.0474007241427898","-0.0201613325625658","-0.0800262838602066","-0.0774280056357384","-0.0391334779560566","0.0708779916167259","-0.102221876382828","-0.0329002998769283","0.000204035997739993","0.00448676897212863","0.0841021537780762","0.0161001775413752","-0.0319755971431732","-0.0051363967359066","-0.0458203926682472","0.0177052039653063","-0.0437914654612541","0.0388297960162163","-0.0250704698264599","0.00156936037819833","-0.0917886570096016","0.0689204931259155","-0.0716420412063599","-0.0884891450405121","-0.104319222271442","0.0417199805378914","0.0815604105591774","-0.0078557301312685","0.0924594178795815","0.0448340252041817","0.0107989441603422","-0.0393917188048363","0.0992342829704285","0.0556934662163258","-0.0178190227597952","0.0400297492742538","0.0296585224568844","0.0179999656975269","0.0815859660506248","-0.0129567096009851","0.0153190363198519","-0.0289327893406153","-0.0570855885744095","-0.0043182959780097","-0.0459647178649902","-0.131801784038544","0.103585764765739","-0.0174381155520678","-0.0240504872053862","0.00130303995683789","-0.0587656907737255","0.00976675096899271","0.029923427850008","-0.0461983978748322","0.0954841747879982","-0.0703513771295547","0.0824894830584526","-0.0108112990856171","-0.091710701584816","-0.0838961452245712","-0.0626882314682007","-0.0243428703397512","-0.0702204927802086","-0.0556883811950684","0.050708219408989","0.028125561773777","-0.0233502201735973","0.0785637944936752","-0.0352681279182434","-0.0171832889318466","0.055160541087389","0.0285414550453424","-0.0379401445388794","-0.0150072630494833","-0.0582920573651791","-0.0602016374468803","-0.0405409783124924","-0.00584039837121964","-0.0284955743700266","-0.00956546980887651","-0.0618469230830669","0.0649434030056","0.0896615609526634","0.0091956676915288","-0.12099552154541","-0.0125325359404087","-0.00125740491785109","0.0178036391735077","-0.0696517825126648","0.0731780529022217","-0.0991586968302727","-0.0106345703825355","0.0321378633379936","-0.0177330430597067","0.0202442184090614","-0.124399431049824","-0.0964205637574196","0.00897929910570383","-0.00793629419058561","-0.123005338013172","0.0852180570363998","0.00494419736787677","0.0382312498986721","0.0423655547201633","0.109168365597725","0.0917841866612434","0.033118050545454","0.0307217240333557"
"11","0.0315999016165733","-0.0297632981091738","-0.0457194223999977","-0.0529079288244247","-0.0340990088880062","-0.0556059628725052","0.123563259840012","0.0852359905838966","-0.0533849857747555","-0.111954405903816","-0.0521798022091389","0.0456093549728394","-0.0183776672929525","0.0121271200478077","-0.0808583274483681","0.0646590888500214","-0.0499486960470676","0.15671880543232","0.102304905653","-0.0183705985546112","0.0351920463144779","0.0894604846835136","0.0134811149910092","-0.0299712251871824","0.00662541296333075","-2.75122365565039e-05","-0.00788485165685415","-0.0676858946681023","0.0093696154654026","0.0471833609044552","0.00228816433809698","-0.0270210225135088","0.0430429615080357","0.0583882220089436","0.0248869210481644","-0.0150627642869949","0.0684946477413177","0.00886220391839743","0.0664027109742165","-0.0554584786295891","-0.181968912482262","0.0292751397937536","-0.0158833563327789","0.028553269803524","-0.131556034088135","-0.0330983512103558","-0.110481187701225","-0.0256815403699875","-0.0502889826893806","-0.0655923113226891","-0.116145670413971","-0.0903560519218445","0.0878779292106628","0.0492499880492687","0.0973611623048782","0.0166232995688915","0.0106912488117814","-0.0325924940407276","0.0193444769829512","0.0313123911619186","-0.0415951684117317","0.012878879904747","-0.0322408974170685","0.090872511267662","0.0409454889595509","0.00411803647875786","0.118061482906342","0.0235879234969616","-0.0991899594664574","-0.00573402410373092","0.0708281993865967","0.00795055087655783","0.0263735055923462","-0.148226097226143","0.0199437998235226","0.0335881114006042","-0.0592412687838078","-0.0345930829644203","0.0549966655671597","0.0258489772677422","-0.0520230866968632","0.0776519253849983","0.125071689486504","-0.0551931783556938","-0.0172756370157003","-0.00580252008512616","0.0823708772659302","-0.0090370699763298","0.0629880428314209","-0.028154656291008","-0.0145724741742015","0.0608729980885983","-0.0720254555344582","-0.0944825261831284","0.159101903438568","-0.0270144883543253","-0.0280262716114521","0.0971347838640213","0.00616134284064174","-0.0187840424478054","0.051840003579855","0.0903410315513611","0.0218170285224915","-0.0621537864208221","0.0514635816216469","-0.0304697938263416","0.0560141950845718","0.10402450710535","-0.043489720672369","-0.0414829291403294","-0.0582552626729012","-0.0539663434028625","0.059414841234684","0.0726895108819008","0.00273803132586181","0.0515862442553043","-0.0943302363157272","-0.0189560577273369","0.0237696580588818","-0.0657255798578262","-0.0886310636997223","-0.00303475465625525","0.0604214146733284","0.0253139734268188","0.0768387615680695","-0.0555693320930004","-0.00409124698489904","-0.0384352169930935","-0.00561314914375544","0.13460735976696","-0.0736010074615479","-0.0818833187222481","0.00204059085808694","0.0253557655960321","-0.0487993322312832","0.0111889829859138","-0.00364613556303084","-0.0837312862277031","-0.0629494860768318","-0.0644699111580849","-0.0863243564963341","0.00384917226620018","-0.0381715558469296","0.0769957974553108","-0.0266709104180336","-0.0546334944665432","-0.00486560072749853","0.140156835317612","-0.0549145080149174","0.0181813333183527","0.0174157228320837","-0.00164078804664314"
"12","-0.0616394802927971","-0.053767453879118","-0.0888661220669746","0.0613378211855888","-0.0739738717675209","-0.0655842795968056","-0.00602173805236816","-0.0860952883958817","-0.0792926251888275","-0.054379727691412","-0.0445762239396572","-0.00194157427176833","0.162977635860443","0.056098211556673","0.0819064527750015","-0.075730063021183","0.107296496629715","-0.059121984988451","0.0212244857102633","0.0761204957962036","-0.0285460185259581","0.0138674816116691","0.0451967492699623","-0.0155437225475907","0.0131489625200629","-0.126527786254883","-0.00923920143395662","-0.0541312955319881","-0.0500746183097363","0.0327610559761524","-0.00466858269646764","0.0267733298242092","-0.0963674858212471","-0.0588673688471317","0.0286798849701881","0.0834775567054749","0.061125747859478","0.0116217704489827","0.0151498699560761","-0.109927818179131","0.149957463145256","0.0209429766982794","-0.0194419529289007","0.00159916339907795","0.174102619290352","-0.0675900056958199","-0.0583395883440971","-0.00489878701046109","0.0084859961643815","0.0946699902415276","0.0515410378575325","-0.107499934732914","0.0212815757840872","0.00506343739107251","-0.107817076146603","0.131022974848747","0.00540871918201447","-0.0864385887980461","-0.117661990225315","0.025612922385335","-0.112046301364899","-0.0172351375222206","-0.0299684517085552","0.028675502166152","0.00283438642509282","-0.0351502969861031","-0.0407723188400269","0.132298797369003","-0.0463715270161629","0.0186464302241802","-0.00487361149862409","-0.0212822593748569","-0.113574206829071","-0.0695095360279083","-0.0396708138287067","-0.0446478463709354","-0.0550243258476257","0.000766997167374939","0.0016888496465981","-0.0104005560278893","0.0166080463677645","0.0857081636786461","0.0984600260853767","0.0631289854645729","0.0227208789438009","0.0670672580599785","0.00800594501197338","0.0667304918169975","-0.00534534966573119","0.00958941970020533","0.0735941380262375","0.0952767953276634","-0.0339708775281906","-0.0397318936884403","0.0563444122672081","0.0050175990909338","-0.0320079550147057","-0.0273366253823042","-0.0950053781270981","0.00455201976001263","0.0502571649849415","0.0256263203918934","0.0344423614442348","-0.00551566807553172","0.0733991712331772","0.0159249901771545","0.119446165859699","0.0463034808635712","-0.0374852940440178","-0.0133725479245186","-0.0349693819880486","0.0119624827057123","-0.0404194332659245","0.0951207429170609","0.0454082526266575","-0.0656834542751312","-0.00901725795120001","0.060188140720129","0.0326158553361893","0.0243733823299408","-0.0156300310045481","0.0430632121860981","0.0251208767294884","-0.0161051414906979","0.102643854916096","0.0230045169591904","0.121113643050194","0.0112561471760273","-0.117740660905838","-0.0657829865813255","0.0427693575620651","-0.0048315622843802","0.0120145976543427","-0.0349463857710361","0.0129706701263785","-0.107060477137566","-0.0602442063391209","-0.046332161873579","0.00456253858283162","-0.0310813896358013","-0.00979261752218008","-0.0326414369046688","0.0344413332641125","-0.0057679358869791","-0.0585027933120728","-0.0152056189253926","-0.0493336580693722","-0.0622580870985985","0.168905228376389","-0.0802072882652283","0.0866971611976624","-0.00753362663090229"
"13","0.0281204823404551","-0.0421366393566132","-0.00264771352522075","0.033804751932621","-0.0890007391571999","0.00172159820795059","0.0355960391461849","-0.127217724919319","-0.121998690068722","-0.0748788043856621","-0.0361988395452499","0.0363299995660782","0.0545642226934433","-0.0287718139588833","-0.138667717576027","0.0423379428684711","-0.0747426822781563","-0.109195984899998","-0.0103734657168388","0.080641932785511","-0.125054955482483","-0.0858859047293663","0.0148326745256782","0.0124913491308689","0.0879598408937454","0.149229571223259","-0.00535275414586067","0.0583158656954765","-0.00665597151964903","-0.066304013133049","0.0763094201683998","-0.0499217920005322","-0.0418392904102802","-0.0855522602796555","-0.125334933400154","-0.0514420121908188","-0.053674153983593","0.00504171103239059","-0.0294070821255445","-0.026346093043685","0.06152418628335","0.0181621983647346","0.056049820035696","0.0319168716669083","0.00464529264718294","0.0246674921363592","-0.0459552221000195","0.044273778796196","-0.0278835240751505","-0.0762277096509933","0.0584548003971577","0.0727834701538086","-0.0182629618793726","-0.0400770157575607","0.153668582439423","0.0525163933634758","-0.0551662296056747","-0.132978111505508","-0.0221498273313046","-0.0313334055244923","-0.0243538599461317","-0.0301129575818777","0.072176530957222","0.00194014143198729","0.0819030180573463","-0.016429653391242","0.0376027040183544","-0.0510807931423187","-0.105921804904938","0.16871652007103","0.0407240428030491","-0.048799954354763","0.0145773654803634","-0.0125315710902214","0.00201564212329686","-0.0269001536071301","-0.0117911603301764","-0.0348212197422981","-0.0961518734693527","-0.0203250478953123","-0.074418880045414","-0.0458703860640526","-0.01814965903759","0.109366938471794","-0.0380495265126228","0.0524546280503273","0.0390442386269569","-0.00621364917606115","0.000446760706836358","0.0973053500056267","-0.00532074691727757","-0.102215111255646","0.025225467979908","0.00139578769449145","0.102811589837074","-0.02484330534935","-0.0350392535328865","-0.0105115361511707","0.0608110837638378","0.126378655433655","0.104150235652924","0.0389891117811203","-0.0088900588452816","0.0346076190471649","0.0787326171994209","0.0506280846893787","0.014102503657341","-0.101497881114483","0.025458000600338","0.0660705119371414","-0.0495505109429359","0.00589954294264317","-0.0213242676109076","0.00495825847610831","-0.0184675417840481","-0.0421920120716095","0.00648209732025862","0.0584549866616726","0.00167547911405563","-0.0694306343793869","0.0528620481491089","-0.00499256001785398","0.103482306003571","0.182350099086761","-0.041273720562458","-0.0360273718833923","-0.0305601023137569","0.0276804342865944","0.196558937430382","-0.0320917665958405","-0.0402463227510452","0.0376103296875954","-0.0284987576305866","0.0373180508613586","0.0997463837265968","-0.0422496646642685","-0.00243985722772777","0.0802800729870796","-0.0708593726158142","-0.0948537886142731","-0.0644833967089653","-0.0259513631463051","-0.00819285772740841","-0.0113512743264437","-0.00733492663130164","-0.0370049402117729","0.0205851085484028","-0.00501881167292595","-0.00213688053190708","0.00202221446670592","0.0631921887397766","0.0694417357444763"
"14","0.0338001251220703","0.0434611402451992","-0.0676778927445412","0.0200811419636011","-0.0171201378107071","0.0640013888478279","-0.00533259380608797","0.0938506796956062","0.0110129369422793","0.0429748110473156","-0.00760815432295203","0.0624293796718121","0.0326756946742535","-0.0569474920630455","0.0482912510633469","0.106368340551853","-0.0195166077464819","0.0403877459466457","-0.0252220574766397","-0.0190967824310064","-0.11784964799881","0.0268994309008121","-0.103272303938866","0.0122943706810474","0.0464354455471039","0.0715658292174339","-0.0634158477187157","-0.0694194585084915","-0.173242941498756","0.0551783107221127","-0.136601209640503","0.0289981458336115","0.0346626043319702","0.0683396533131599","0.023349666967988","-0.0603906325995922","-0.0509296618402004","-0.0460235066711903","-0.0454052127897739","0.020833645015955","0.0205502677708864","-0.00752661097794771","-0.0171916782855988","-0.0557111613452435","-0.0154319042339921","0.137352898716927","-0.0787800550460815","-0.0578967593610287","0.068551279604435","-0.0127961244434118","0.0716862305998802","0.0897564515471458","-0.0862395614385605","0.00509780086576939","0.104940570890903","0.0520736910402775","-0.0335322842001915","0.0336600802838802","0.00506016612052917","0.0565481781959534","-0.0620672814548016","-0.011007028631866","-0.0184122771024704","-0.0407736375927925","0.0626623407006264","-0.0693921968340874","-0.0408287867903709","0.0561581924557686","0.0435321256518364","-0.122499361634254","-0.0748748704791069","-0.018022246658802","0.0536524429917336","-0.0815985053777695","-0.0793817639350891","-0.0505632646381855","0.138170167803764","0.0361106917262077","0.0233947783708572","-0.0136630898341537","-0.0301434099674225","0.0849041938781738","-0.0178892351686954","0.0700956881046295","0.00775089766830206","0.0499839559197426","0.0190157424658537","0.0413394384086132","-0.0986186787486076","0.160484135150909","-0.0279792696237564","0.0902526453137398","-0.0845917314291","0.127544865012169","-0.109116651117802","0.138128459453583","0.0254296250641346","0.124284915626049","-0.0443185828626156","0.0149673335254192","0.0100269047543406","0.0189508255571127","-0.0781238153576851","-0.013673116452992","0.0899983495473862","-0.0616951063275337","0.0783694237470627","-0.0791216418147087","0.0208172481507063","-0.0401271320879459","-0.0490468069911003","-0.0487409383058548","-0.0611053705215454","0.0182829573750496","0.0618316605687141","-0.0261433701962233","-0.102624602615833","-0.0799480527639389","0.0621120445430279","-0.0193637907505035","-0.0460903905332088","-0.0295321494340897","-0.117606244981289","-0.0281196422874928","0.0797204077243805","-0.0965101346373558","0.0878433212637901","-0.0539878718554974","0.0161598231643438","-0.0618832372128963","-0.0817473083734512","0.0690195932984352","-0.0480902343988419","-0.10230790823698","0.0103358142077923","0.0556826330721378","0.0144505733624101","0.0989446565508842","0.00746078044176102","-0.0204572379589081","-0.0306838154792786","0.0341289453208447","-0.00241309846751392","0.00679789204150438","-0.0206061601638794","-0.0263861585408449","-0.148133844137192","0.0963245257735252","0.0417130589485168","0.0759989395737648","-0.000584978552069515","0.0984492152929306"
"15","-0.0452451854944229","0.0912679359316826","-0.0122988177463412","-0.0887028500437737","-0.00149138330016285","0.0981123223900795","0.0933851450681686","-0.0214662365615368","0.0494447611272335","-0.0813960507512093","0.00275788037106395","0.0530101768672466","0.0748539716005325","0.0922848954796791","0.00858941301703453","-0.00341806700453162","0.0135169913992286","-0.196145698428154","-0.0290718786418438","-0.0445588603615761","0.117387279868126","0.017791697755456","-0.0729177296161652","-0.17702528834343","-0.0983273833990097","0.0354119762778282","-0.0650630295276642","0.023353973403573","0.140127554535866","0.0390462055802345","-0.00877275504171848","0.0172154009342194","0.0923740342259407","0.00548058981075883","0.0220248270779848","0.101255863904953","-0.0379798896610737","-0.00432296842336655","-0.0446493402123451","0.0563714541494846","0.0320910550653934","0.114363387227058","0.0761307626962662","0.0202472191303968","-0.0541877150535583","-0.113130517303944","-0.0151626328006387","-0.041067861020565","-0.00191400723997504","-0.0424638018012047","-0.0216884352266788","0.0607350803911686","-0.00425155973061919","-0.00730079924687743","0.134933590888977","-0.000975607777945697","0.0269682630896568","-0.0500459782779217","0.0415540002286434","0.0259761996567249","-0.0363334864377975","-0.135255932807922","-0.0536744110286236","-0.00664000865072012","0.0641746520996094","-0.0615951530635357","-0.0248757991939783","0.128639802336693","0.120979815721512","0.0140602672472596","-0.0185312237590551","0.0284006893634796","0.0761355459690094","-0.149759665131569","-0.0199749507009983","0.0218799244612455","-0.0590338334441185","0.0946720167994499","0.0648847371339798","0.0615589395165443","-0.0137330517172813","-0.00957137066870928","0.0142877604812384","-0.0322014503180981","0.0809208750724792","-0.0592581182718277","-0.136173635721207","0.0515255331993103","-0.00495987758040428","0.114776186645031","0.0831376314163208","-0.0546265877783298","0.0333215780556202","0.134198233485222","0.10182449221611","0.11788921803236","-0.145541608333588","0.0457789115607738","-0.0383523106575012","-0.0942186713218689","-0.056665163487196","-0.046212624758482","-0.00410945201292634","-0.106184966862202","-0.0351522415876389","0.0830227807164192","-0.0220347680151463","-0.0628070160746574","-0.0325759872794151","-0.0195197463035583","0.0428491272032261","-0.00833557918667793","0.00757823698222637","-0.0122198136523366","0.0361142866313457","-0.0184376630932093","-0.0136820403859019","-0.0478182807564735","-0.135958820581436","0.0810806676745415","0.0105077959597111","-0.0356761664152145","0.0445289202034473","0.0523721352219582","-0.0197137016803026","0.0208536963909864","-0.0754325166344643","0.0311467126011848","-0.0405175648629665","0.012994016520679","-0.00962297525256872","-0.0690529495477676","-0.0548366159200668","0.0222861152142286","-0.0783231407403946","-0.0917212665081024","-0.0273339115083218","0.00315626990050077","-0.0703699067234993","0.0302865542471409","-0.0315189175307751","-0.0843210518360138","0.107218950986862","0.0286443941295147","-0.00575830973684788","-0.0185259412974119","-0.0102540273219347","-0.107716158032417","0.015328161418438","0.0183827485889196","-0.0369823761284351","0.12167377024889"
"16","0.0104962438344955","-0.00512468116357923","-0.0208312962204218","-0.0562685690820217","0.069350965321064","-0.0330922715365887","-0.0337286293506622","0.1603963971138","-0.00793100614100695","-0.104648783802986","0.067563384771347","0.0839608237147331","0.0307503920048475","0.0399449430406094","-0.00228946027345955","-0.0483494251966476","0.0621177926659584","-0.0690230131149292","-0.0572078004479408","-0.055578637868166","-0.0951118990778923","-0.0461652204394341","0.0266135111451149","0.0713651701807976","-0.145820006728172","0.115649610757828","-0.0760764256119728","-0.0273483227938414","-0.0507032535970211","0.0789735168218613","-0.00771266594529152","-0.0267797335982323","0.0142959384247661","-0.0233524218201637","-0.0680793598294258","0.0578038580715656","-0.013488782569766","-0.0527075119316578","-0.0525187887251377","0.0354886464774609","0.0603733398020267","-0.104705445468426","-0.00199451483786106","-0.00121218350250274","-0.0212578941136599","-0.110970079898834","0.0590007118880749","0.0682684853672981","0.132738292217255","-0.0456979312002659","-0.0207249987870455","0.039993941783905","-0.00488178571686149","-0.136822000145912","0.0300296004861593","0.0236984640359879","-0.00849761161953211","-0.0666292905807495","-0.0122220395132899","-0.119167074561119","0.0171070694923401","-0.13969025015831","0.0950745344161987","0.0546076484024525","-0.0284417383372784","0.00707060052081943","0.0132570760324597","0.0537430159747601","-0.116732060909271","0.066667340695858","-0.00877746846526861","0.0471938252449036","-0.0198623351752758","-0.0183277446776628","0.14879584312439","0.0584759376943111","0.0842013210058212","0.0207343082875013","-0.00410593813285232","0.0744592845439911","-0.0523355156183243","0.0449000559747219","0.0108305299654603","0.0793519988656044","0.0439917743206024","-0.00187396525871009","-0.117228522896767","-0.0710129737854004","-0.0473228879272938","-0.150855422019958","0.0429827347397804","0.0546342805027962","-0.0665431618690491","0.0437735840678215","-0.205227077007294","0.0347247682511806","-0.108610339462757","-0.0418576151132584","0.0550116561353207","0.0287649892270565","0.0320357382297516","0.0494448579847813","0.112908467650414","0.0964785814285278","-0.138528004288673","-0.0535523034632206","0.0827945321798325","0.0779026970267296","-0.0189355444163084","0.137813955545425","0.0242134928703308","-0.00501266866922379","0.0315101891756058","0.0581425614655018","-0.0430623441934586","0.0450999289751053","-0.0589953809976578","0.0622621290385723","-0.000697403273079544","0.0363763868808746","-0.0464949086308479","-0.108891770243645","0.0110258273780346","-0.0109781259670854","0.0782968550920486","-0.0468216873705387","0.178134098649025","-0.0565469786524773","0.0619557052850723","-0.00394955743104219","-0.00420431094244123","-0.134654715657234","0.0657335743308067","0.0269076749682426","0.0186943989247084","-0.066553145647049","0.016108987852931","-0.0570608526468277","0.0584302991628647","-0.00825455971062183","0.022535553202033","-0.0449228025972843","-0.0236749909818172","0.0583579652011395","-0.0377004370093346","0.00287960562855005","0.0597691275179386","0.110564388334751","-0.0620170757174492","-0.00977319944649935","-0.0753068700432777","0.00582155864685774"
"17","0.00459340075030923","-0.0241335947066545","-0.0523212999105453","0.0892969891428947","0.0120031274855137","-0.115243285894394","-0.0646342262625694","0.114052295684814","-0.0532418452203274","-0.00641968566924334","-0.0531977936625481","-0.0158389527350664","0.159494459629059","-0.0742196589708328","-0.0567623525857925","0.0511078275740147","-0.0725689008831978","0.10835163295269","-0.104892455041409","0.0640275776386261","0.0952992141246796","0.0655472800135612","0.0403066575527191","0.00291201961226761","-0.0985322743654251","0.121110007166862","0.0235330574214458","0.15614715218544","-0.0820170268416405","-0.0439268946647644","0.0347206108272076","0.0236869938671589","0.00271420460194349","-0.0143330097198486","0.0181982889771461","-0.0400825478136539","0.0618923120200634","0.0147706978023052","0.0109727559611201","-0.0189438574016094","0.0106154466047883","-0.047076091170311","-0.0573136173188686","-0.0790665373206139","0.0117937093600631","0.0165418162941933","-0.136200755834579","0.0795189291238785","-0.103661701083183","0.017039455473423","-0.0919507071375847","0.112290404736996","-0.0659537240862846","0.00691104494035244","-0.0114460438489914","0.0651436001062393","0.0725755766034126","-0.0399202294647694","-0.0718862861394882","-0.0771153643727303","0.125057250261307","-0.0368116348981857","0.0171412341296673","0.080482617020607","0.0353731885552406","0.0222037117928267","0.0239519905298948","0.0343321599066257","-0.00370688340626657","-0.0657797530293465","-0.0251663327217102","0.120396688580513","-0.0131739871576428","0.00954186264425516","0.0636678859591484","0.0516337044537067","0.0243333280086517","0.0778682976961136","0.0435496419668198","-0.090835265815258","-0.0185720920562744","0.145045667886734","-0.0109200701117516","0.00264847185462713","0.0549707971513271","-0.0302160196006298","-0.0318121537566185","0.016039690002799","0.0580434910953045","-0.0104992389678955","0.0130809154361486","0.00583309354260564","-0.151822254061699","0.0333010256290436","-0.08559650182724","0.00163985916879028","-0.0385429076850414","-0.240450501441956","-0.1018942669034","-0.112913317978382","-0.00251194951124489","-0.0172469671815634","0.0483881458640099","-0.150192022323608","0.0484027937054634","-0.00171374203637242","-0.21459573507309","-0.0378086529672146","0.125546365976334","-0.0527993962168694","0.088538832962513","0.0019803314935416","-0.0277233384549618","0.00616129534319043","0.0859302207827568","0.0247645433992147","0.00706185167655349","0.100742779672146","-0.00578488921746612","-0.091299757361412","0.0689041763544083","0.0363648496568203","0.0337930843234062","0.0409760661423206","0.0182494092732668","0.04273871332407","-0.136713728308678","-0.0598465502262115","0.126480758190155","0.0169242415577173","0.0666866675019264","-0.0519345328211784","-0.0739235356450081","-0.0122756035998464","-0.115622341632843","0.0968290641903877","-0.0279821902513504","-0.025308707728982","-0.0331635773181915","-0.0403950288891792","0.00675321370363235","0.0552909187972546","-0.0330030880868435","0.0669766515493393","-0.020151050761342","0.0442009903490543","-0.0689280107617378","-0.0769030228257179","0.125139161944389","-0.0292419381439686","0.0666950717568398","0.0737055465579033"
"18","-0.00993276201188564","-0.113757446408272","-0.0715438053011894","0.00708951707929373","0.0234607700258493","-0.082842119038105","-0.0603755116462708","0.103085279464722","0.010953570716083","-0.110371492803097","-0.0447845123708248","-0.013093376532197","-0.151027545332909","-0.0441320799291134","0.0295064225792885","-0.0114154014736414","-0.0335483811795712","-0.167632147669792","-0.0129384128376842","0.0492645427584648","-0.036053117364645","-0.0621451437473297","-0.0877780020236969","0.0560806021094322","-0.00961662549525499","-0.0566716566681862","-0.0531686544418335","0.0475415997207165","0.0678747817873955","0.0119192125275731","0.0032894597388804","0.0286028776317835","-0.0104261916130781","-0.0487327203154564","0.0233699213713408","0.00877110846340656","-0.119941361248493","0.0207482315599918","0.135569587349892","-0.0597555823624134","-0.123815432190895","0.0875418707728386","0.0241433996707201","-0.0537636466324329","0.0723079144954681","0.0107563342899084","0.0160226318985224","0.0424527674913406","-0.0763331800699234","0.0550534576177597","-0.130251869559288","-0.0296162255108356","0.0496655404567719","0.0950278863310814","0.0736698061227798","0.0432317331433296","0.0382082164287567","0.134279385209084","-0.0265545751899481","0.102630242705345","0.100665405392647","0.136764764785767","0.0564522370696068","0.0592927150428295","0.000283189467154443","0.0170591734349728","0.0893389359116554","0.0931186079978943","-0.00982625316828489","0.140484064817429","-0.0375588908791542","0.096097894012928","0.0457842908799648","-0.113061763346195","0.066413402557373","-0.0299659390002489","0.216638922691345","-0.03112817928195","0.0455354005098343","0.0396879650652409","-0.0207700449973345","0.0168135985732079","-0.0644223764538765","0.0780716463923454","-0.0113831739872694","-0.0383213199675083","-0.00536101637408137","-0.0384164117276669","0.182795077562332","0.053520392626524","-0.01190026383847","0.0350442416965961","0.0318249352276325","-0.0648615509271622","-0.150348991155624","0.00216305465437472","0.0616946183145046","0.0349046587944031","0.00116707722190768","0.113016352057457","-0.0877875313162804","0.0303296986967325","-0.0585924200713634","-0.0471247658133507","0.0292240176349878","0.0976397767663002","0.0378160253167152","-0.142588689923286","-0.0447792075574398","0.118885181844234","0.00964630674570799","-0.0211710818111897","-0.101906813681126","0.045250628143549","-0.00558029860258102","0.0217082519084215","0.0580624379217625","-0.0591800212860107","0.106231145560741","0.0281100738793612","0.0791893154382706","-0.0804253071546555","0.0177887752652168","-0.0094600934535265","0.000301244668662548","0.035044826567173","-0.0650363862514496","-0.0398504734039307","-0.103841908276081","-0.115961045026779","0.0204648897051811","-0.0292673110961914","-0.105379655957222","-0.039873905479908","-0.0621616840362549","-0.0491260178387165","-0.0801491588354111","-0.00287091266363859","-0.0948164686560631","0.0863324180245399","0.00172937428578734","-0.0368199124932289","0.0169528592377901","-0.0335498191416264","-0.094438448548317","-0.0765069127082825","0.0938898548483849","0.0811353772878647","0.0864334926009178","-0.0882838889956474","-0.0064907562918961","-0.061562541872263"
"19","0.129049405455589","-0.064910463988781","0.0532931797206402","-0.0583276934921741","-0.0942836627364159","-0.135334461927414","-0.106226034462452","-0.0161881893873215","-0.00779797602444887","0.132260411977768","0.0294659622013569","0.0214615594595671","0.0727251246571541","-0.0742451921105385","-0.0366509221494198","-0.0848501473665237","-0.04395442456007","0.0554893165826797","0.0380459316074848","0.0412095263600349","0.161837220191956","0.096876747906208","0.00192762073129416","0.0426404811441898","0.167088463902473","0.0370793230831623","0.102427564561367","0.051186840981245","0.0331466719508171","-0.0489172711968422","0.0161199178546667","0.0804599672555923","0.0131316594779491","-0.0483159497380257","-0.017040790989995","0.0436092764139175","-0.0237960088998079","-0.00377010647207499","-0.0243592970073223","0.0809885635972023","-0.0273814965039492","-0.023625859990716","0.0197709575295448","0.0443635880947113","0.023403737694025","-0.0250881146639585","-0.00708724558353424","-0.0250998791307211","-0.011492189951241","-0.0332642570137978","-0.013966497965157","0.105111837387085","-0.0853455364704132","0.0209120158106089","0.00981607846915722","-0.0470071136951447","-0.0969758555293083","0.0175091978162527","-0.064934603869915","-0.0507698841392994","-0.0469510816037655","-0.0667036920785904","0.0390774607658386","0.105005495250225","-0.119124874472618","-0.0271817706525326","0.0129434997215867","0.212419494986534","0.0540484413504601","0.0245469100773335","0.0372859761118889","-0.0491412878036499","-0.0932074412703514","0.00229832925833762","-0.0292070340365171","0.00658159516751766","-0.0094135757535696","0.177183404564857","-0.0518701411783695","-0.0990802943706512","-0.0158181171864271","0.0354431718587875","0.0609932243824005","0.128147169947624","0.00266156019642949","-0.0693963840603828","-0.0674507617950439","-0.109645247459412","0.107003830373287","-0.0860284417867661","0.0042612231336534","0.00252053164876997","-0.0889509618282318","-0.140352562069893","0.0314135327935219","0.0213824156671762","-0.0887697413563728","0.301599383354187","0.10676409304142","0.0966392830014229","-0.0738435536623001","-0.0190286748111248","0.0224913302809","-0.120700791478157","-0.0495896451175213","-0.0304766483604908","0.0533519648015499","-0.0428706333041191","0.0393628925085068","0.00591891305521131","0.00866606924682856","-0.0497457087039948","-0.0501022636890411","-0.00568213080987334","-0.0940426588058472","-0.0463066399097443","0.00539660034701228","-0.00735329743474722","-0.0805549025535583","-0.0029485106933862","-0.0342868156731129","-0.0112379333004355","0.00570892682299018","-0.126022726297379","-0.0404873192310333","-0.0369691364467144","-0.0136702926829457","-0.0552062876522541","0.00375576852820814","-0.0320680774748325","-0.00623622816056013","-0.0974115133285522","-0.0502205342054367","-0.0460374169051647","0.028548764064908","-0.117614328861237","0.0727082639932632","0.163665577769279","0.0487583614885807","0.1071812286973","0.000806589610874653","0.106513492763042","-0.0474639572203159","-0.0286029037088156","0.0494941212236881","-0.00704106315970421","-0.0086095966398716","-0.0390696115791798","0.0266177114099264","0.112525828182697","0.0198171809315681","-0.0621013566851616"
"20","-0.0320864990353584","0.0334564782679081","0.0194312930107117","-0.184086725115776","0.00856215506792068","-0.0454400479793549","0.0221489798277617","-0.0862972363829613","0.00952777359634638","0.0339692458510399","0.0163487549871206","0.0567808263003826","0.0447362400591373","-0.0136048393324018","0.0328963920474052","0.124539166688919","-0.0342272445559502","-0.0825872719287872","0.0219029393047094","-0.0664070844650269","0.0652715712785721","0.0264402069151402","-0.00744606554508209","0.08194949477911","-0.017694154754281","-0.0433307029306889","-0.0413698516786098","-0.062275942414999","0.042243454605341","-0.0745323821902275","-0.0819608867168427","-0.0380606316030025","0.0374987609684467","-0.0288856495171785","0.0671383365988731","-0.0108468495309353","-0.0163959208875895","-0.0925197973847389","0.0577482879161835","0.0508397854864597","-0.0110426656901836","0.00462406687438488","0.0127315986901522","0.0487823598086834","-0.0570845417678356","0.100948952138424","-0.00274816295132041","0.0411715507507324","-0.147695630788803","-0.00418439274653792","0.109454706311226","0.13218104839325","-0.124669149518013","0.0839522331953049","-0.138579979538918","-0.0225294772535563","-0.00703317625448108","-0.0287390016019344","0.0557286404073238","-0.0955012962222099","0.12330062687397","0.0719673708081245","0.010866142809391","0.031159358099103","-0.117353498935699","0.0174635481089354","0.0151784857735038","0.0247109476476908","0.0932232886552811","-0.104550004005432","0.040066733956337","0.0447906032204628","0.049435131251812","-0.0775406360626221","0.140667289495468","0.188719630241394","0.0592269189655781","0.0656309202313423","-0.00129228609148413","-0.059390727430582","-0.0270212274044752","-0.0695769190788269","0.186570376157761","0.127468839287758","0.0535042025148869","0.072126030921936","0.121975734829903","0.0572211183607578","-0.0488095358014107","-0.0198577493429184","0.0982303246855736","0.0195129681378603","-0.0245916321873665","-0.0494548678398132","0.209454074501991","-0.0367200896143913","0.0479113645851612","-0.0763402804732323","-0.00408550212159753","0.0960705950856209","0.0116339698433876","0.0158058404922485","0.0304770544171333","0.0425176210701466","0.018561938777566","-0.135448172688484","-0.0265502296388149","-0.0414121299982071","0.0214016661047935","0.041482225060463","0.0422851853072643","-0.005177051294595","0.0322092808783054","-0.0631430000066757","-0.0424741245806217","-0.0412888191640377","-0.0166620537638664","-0.023934056982398","0.0781320258975029","0.00462497444823384","-0.139475628733635","-0.0215987376868725","0.0200563985854387","-0.0227167755365372","-0.000323363463394344","-0.0501398295164108","0.0843962579965591","-0.0944884419441223","0.0681569874286652","-0.146577000617981","0.0033485374879092","-0.00862923450767994","0.0282704643905163","0.0101434681564569","-0.0352783761918545","0.0389210879802704","0.0032805479131639","-0.0925202593207359","-0.044797208160162","-0.0243860259652138","0.0433731563389301","-0.313537806272507","0.0140808057039976","-0.141363367438316","-0.0943295881152153","-0.0424716956913471","0.00274138594977558","-0.0661467164754868","0.0596506558358669","-0.0248565878719091","-0.0548101849853992","-0.0106105208396912"
"21","-0.0393563136458397","0.138582870364189","-0.0211316775530577","0.0592525415122509","0.00651323096826673","-0.00507211498916149","0.025021018460393","0.0592126473784447","0.0651549249887466","-0.0588221326470375","0.140336960554123","0.0012142228661105","0.0388776473701","-0.0989612489938736","0.000892474025022238","-0.0963426753878593","0.00237687351182103","0.0255284439772367","0.0269824508577585","0.123334884643555","-0.0264809876680374","-0.0409302972257137","0.0233831759542227","-0.00199168245308101","-0.0604020953178406","-0.176693812012672","0.0293012298643589","-0.0496767610311508","-0.00937633775174618","-0.0140070617198944","-0.0208848584443331","-0.0424628183245659","0.0818862020969391","0.06303621083498","-0.0858327150344849","0.0280144531279802","-0.102762334048748","-0.0635961592197418","-0.114608213305473","0.0236918851733208","0.0999214574694633","-0.0385728590190411","-0.107259795069695","0.00256882514804602","0.0147769348695874","0.0751294568181038","0.053572878241539","0.120514705777168","0.0141353225335479","0.0331718884408474","-0.045651026070118","-0.15834367275238","-0.21701392531395","0.051424864679575","0.105734072625637","0.127057686448097","0.0564517043530941","0.0416638590395451","-0.00464830407872796","-0.099162258207798","0.0460138432681561","-0.0810568258166313","0.234972521662712","-0.00697871949523687","0.0883799865841866","0.0471851117908955","0.0671363472938538","-0.00117153557948768","-0.0346553698182106","-0.0241903178393841","0.133512169122696","0.0803272873163223","-0.00774124637246132","-0.000128395593492314","0.068782813847065","0.175123304128647","-0.0127290608361363","-0.0382154621183872","-0.097979761660099","-0.012613732367754","0.062241718173027","-0.075159840285778","-0.0157372448593378","-0.0764907598495483","0.0103280562907457","-0.0362390428781509","0.0532592572271824","-0.0554123073816299","-0.0898563340306282","0.127560824155807","-0.00668878341093659","-0.0922908931970596","-0.00738531025126576","-0.080593965947628","0.0661622509360313","0.101288698613644","-0.0693044438958168","0.0288196168839931","0.0438078604638577","-0.05021096393466","-0.0113206254318357","0.0158920306712389","0.0618234612047672","0.112129919230938","0.132809892296791","-0.0881091728806496","-0.109644509851933","-0.00937519129365683","-0.040215577930212","-0.0394780784845352","-0.0894189178943634","-0.0908874571323395","0.00411999924108386","0.0760597959160805","0.0317725092172623","-0.0387695208191872","0.0363489352166653","-0.0262475535273552","0.012629970908165","0.0441559739410877","-0.00526166846975684","-0.0569560639560223","0.103474467992783","-0.0522707588970661","-0.0795227140188217","-0.0258345995098352","-0.0435122549533844","-0.0400474295020103","-0.188542127609253","0.0598095096647739","-0.00651747919619083","0.000604751287028193","0.00796495098620653","0.0173048507422209","-0.0869932919740677","0.0200337395071983","-0.0991468951106071","0.134871482849121","-0.0705439001321793","-0.00659609632566571","-0.0728718414902687","0.053212333470583","-0.0152711197733879","-0.0693873018026352","0.069620668888092","-0.0100820865482092","-0.00980805698782206","0.0356522798538208","0.117478750646114","0.0811165794730186","-0.0342674739658833","-0.0906096175312996"
